Workbook
Name Slicer_Category: #N/A
Name Slicer_PaymentMethod: #N/A
Name Slicer_Region: #N/A

Sheet CustomerMaster
A1: CustomerID | B1: CustomerName | C1: City
A2: CUST1035 | B2: Customer_0 | C2: Bangalore
A3: CUST1292 | B3: Customer_1 | C3: Hyderabad
A4: CUST1164 | B4: Customer_2 | C4: Mumbai
A5: CUST1170 | B5: Customer_3 | C5: Hyderabad
A6: CUST1203 | B6: Customer_4 | C6: Hyderabad
A7: CUST1143 | B7: Customer_5 | C7: Mumbai
A8: CUST1263 | B8: Customer_6 | C8: Delhi
A9: CUST1188 | B9: Customer_7 | C9: Delhi
A10: CUST1147 | B10: Customer_8 | C10: Bangalore
A11: CUST1300 | B11: Customer_9 | C11: Mumbai
A12: CUST1276 | B12: Customer_10 | C12: Delhi
... A287: CUST1079 | B287: Customer_285 | C287: Bangalore

Sheet ProductMaster
A1: ProductID | B1: ProductName | C1: Category
A2: PROD150 | B2: Product_0 | C2: Home
A3: PROD111 | B3: Product_1 | C3: Fashion
A4: PROD149 | B4: Product_2 | C4: Home
A5: PROD104 | B5: Product_3 | C5: Electronics
A6: PROD132 | B6: Product_4 | C6: Home
A7: PROD108 | B7: Product_5 | C7: Fashion
A8: PROD102 | B8: Product_6 | C8: Beauty
A9: PROD131 | B9: Product_7 | C9: Grocery
A10: PROD120 | B10: Product_8 | C10: Grocery
A11: PROD113 | B11: Product_9 | C11: Beauty
A12: PROD112 | B12: Product_10 | C12: Grocery
... A51: PROD126 | B51: Product_49 | C51: Fashion

Sheet RegionMaster
A1: Region | B1: Manager
A2: North | B2: A
A3: South | B3: B
A4: East | B4: C
A5: West | B5: D

Sheet FlipkartSales
A1: OrderID | B1: CustomerID | C1: ProductID | D1: OrderDate | E1: DeliveryDate | F1: CancelDate | G1: Region | H1: Category | I1: PaymentMethod | J1: DeliveryStatus | K1: SalesAmount | L1: Order Month | M1: Delivery_Months | N1: Delivery Category | O1: Delivery Days | P1: Order Flag | Q1: Order performance | R1: Customer Name | S1: Product Name | T1: Region Manager
A2: ORD10000 | B2: CUST1276 | C2: PROD124 | D2: 45767 | E2: 45769 | G2: West | H2: Beauty | I2: Credit Card | J2: Delivered | K2: 1997.79 | L2: =TEXT(D2,"MMMM") -> April | M2: =IF(NOT(ISBLANK(E2)),TEXT(E2,"MMMM"),"Cancelled") -> April | N2: =IF(F2="","Delivered","Cancelled") -> Delivered | O2: =IF(E2="","Order Cancelled",_xlfn.DAYS(E2,D2)) -> 2 | P2: =IF(F2="","Completed","Cancelled") -> Completed | Q2: =IF(O2="Order Cancelled","Cancelled",IF(O2<=2,"Fast","Slow")) -> Fast | R2: =_xlfn.XLOOKUP(B2,CustomerMaster!$A$2:$A$287,CustomerMaster!$B$2:$B$287) -> Customer_10 | S2: =_xlfn.XLOOKUP(C2,ProductMaster!$A$2:$A$51,ProductMaster!$B$2:$B$51) -> Product_13 | T2: =_xlfn.XLOOKUP(G2,RegionMaster!$A$2:$A$5,RegionMaster!$B$2:$B$5) -> D
A3: ORD10001 | B3: CUST1297 | C3: PROD147 | D3: 45766 | F3: 45768 | G3: North | H3: Grocery | I3: Debit Card | J3: Returned | K3: 4763.43 | L3: =TEXT(D3,"MMMM") -> April | M3: =IF(NOT(ISBLANK(E3)),TEXT(E3,"MMMM"),"Cancelled") -> Cancelled | N3: =IF(F3="","Delivered","Cancelled") -> Cancelled | O3: =IF(E3="","Order Cancelled",_xlfn.DAYS(E3,D3)) -> Order Cancelled | P3: =IF(F3="","Completed","Cancelled") -> Cancelled | Q3: =IF(O3="Order Cancelled","Cancelled",IF(O3<=2,"Fast","Slow")) -> Cancelled | R3: =_xlfn.XLOOKUP(B3,CustomerMaster!$A$2:$A$287,CustomerMaster!$B$2:$B$287) -> Customer_140 | S3: =_xlfn.XLOOKUP(C3,ProductMaster!$A$2:$A$51,ProductMaster!$B$2:$B$51) -> Product_27 | T3: =_xlfn.XLOOKUP(G3,RegionMaster!$A$2:$A$5,RegionMaster!$B$2:$B$5) -> A
A4: ORD10002 | B4: CUST1030 | C4: PROD109 | D4: 45691 | E4: 45694 | G4: North | H4: Home | I4: COD | J4: Returned | K4: 3713.57 | L4: =TEXT(D4,"MMMM") -> February | M4: =IF(NOT(ISBLANK(E4)),TEXT(E4,"MMMM"),"Cancelled") -> February | N4: =IF(F4="","Delivered","Cancelled") -> Delivered | O4: =IF(E4="","Order Cancelled",_xlfn.DAYS(E4,D4)) -> 3 | P4: =IF(F4="","Completed","Cancelled") -> Completed | Q4: =IF(O4="Order Cancelled","Cancelled",IF(O4<=2,"Fast","Slow")) -> Slow | R4: =_xlfn.XLOOKUP(B4,CustomerMaster!$A$2:$A$287,CustomerMaster!$B$2:$B$287) -> Customer_136 | S4: =_xlfn.XLOOKUP(C4,ProductMaster!$A$2:$A$51,ProductMaster!$B$2:$B$51) -> Product_20 | T4: =_xlfn.XLOOKUP(G4,RegionMaster!$A$2:$A$5,RegionMaster!$B$2:$B$5) -> A
A5: ORD10003 | B5: CUST1237 | C5: PROD113 | D5: 45682 | E5: 45686 | G5: South | H5: Fashion | I5: Credit Card | J5: Cancelled | K5: 3073.56 | L5: =TEXT(D5,"MMMM") -> January | M5: =IF(NOT(ISBLANK(E5)),TEXT(E5,"MMMM"),"Cancelled") -> January | N5: =IF(F5="","Delivered","Cancelled") -> Delivered | O5: =IF(E5="","Order Cancelled",_xlfn.DAYS(E5,D5)) -> 4 | P5: =IF(F5="","Completed","Cancelled") -> Completed | Q5: =IF(O5="Order Cancelled","Cancelled",IF(O5<=2,"Fast","Slow")) -> Slow | R5: =_xlfn.XLOOKUP(B5,CustomerMaster!$A$2:$A$287,CustomerMaster!$B$2:$B$287) -> Customer_86 | S5: =_xlfn.XLOOKUP(C5,ProductMaster!$A$2:$A$51,ProductMaster!$B$2:$B$51) -> Product_9 | T5: =_xlfn.XLOOKUP(G5,RegionMaster!$A$2:$A$5,RegionMaster!$B$2:$B$5) -> B
A6: ORD10004 | B6: CUST1003 | C6: PROD129 | D6: 45736 | F6: 45738 | G6: North | H6: Home | I6: Credit Card | J6: Delivered | K6: 948.89 | L6: =TEXT(D6,"MMMM") -> March | M6: =IF(NOT(ISBLANK(E6)),TEXT(E6,"MMMM"),"Cancelled") -> Cancelled | N6: =IF(F6="","Delivered","Cancelled") -> Cancelled | O6: =IF(E6="","Order Cancelled",_xlfn.DAYS(E6,D6)) -> Order Cancelled | P6: =IF(F6="","Completed","Cancelled") -> Cancelled | Q6: =IF(O6="Order Cancelled","Cancelled",IF(O6<=2,"Fast","Slow")) -> Cancelled | R6: =_xlfn.XLOOKUP(B6,CustomerMaster!$A$2:$A$287,CustomerMaster!$B$2:$B$287) -> Customer_232 | S6: =_xlfn.XLOOKUP(C6,ProductMaster!$A$2:$A$51,ProductMaster!$B$2:$B$51) -> Product_42 | T6: =_xlfn.XLOOKUP(G6,RegionMaster!$A$2:$A$5,RegionMaster!$B$2:$B$5) -> A
A7: ORD10005 | B7: CUST1193 | C7: PROD118 | D7: 45660 | E7: 45662 | G7: South | H7: Grocery | I7: Credit Card | J7: Delivered | K7: 948.77 | L7: =TEXT(D7,"MMMM") -> January | M7: =IF(NOT(ISBLANK(E7)),TEXT(E7,"MMMM"),"Cancelled") -> January | N7: =IF(F7="","Delivered","Cancelled") -> Delivered | O7: =IF(E7="","Order Cancelled",_xlfn.DAYS(E7,D7)) -> 2 | P7: =IF(F7="","Completed","Cancelled") -> Completed | Q7: =IF(O7="Order Cancelled","Cancelled",IF(O7<=2,"Fast","Slow")) -> Fast | R7: =_xlfn.XLOOKUP(B7,CustomerMaster!$A$2:$A$287,CustomerMaster!$B$2:$B$287) -> Customer_265 | S7: =_xlfn.XLOOKUP(C7,ProductMaster!$A$2:$A$51,ProductMaster!$B$2:$B$51) -> Product_21 | T7: =_xlfn.XLOOKUP(G7,RegionMaster!$A$2:$A$5,RegionMaster!$B$2:$B$5) -> B
A8: ORD10006 | B8: CUST1033 | C8: PROD122 | D8: 45695 | E8: 45700 | G8: North | H8: Beauty | I8: Net Banking | J8: Returned | K8: 478.8 | L8: =TEXT(D8,"MMMM") -> February | M8: =IF(NOT(ISBLANK(E8)),TEXT(E8,"MMMM"),"Cancelled") -> February | N8: =IF(F8="","Delivered","Cancelled") -> Delivered | O8: =IF(E8="","Order Cancelled",_xlfn.DAYS(E8,D8)) -> 5 | P8: =IF(F8="","Completed","Cancelled") -> Completed | Q8: =IF(O8="Order Cancelled","Cancelled",IF(O8<=2,"Fast","Slow")) -> Slow | R8: =_xlfn.XLOOKUP(B8,CustomerMaster!$A$2:$A$287,CustomerMaster!$B$2:$B$287) -> Customer_250 | S8: =_xlfn.XLOOKUP(C8,ProductMaster!$A$2:$A$51,ProductMaster!$B$2:$B$51) -> Product_39 | T8: =_xlfn.XLOOKUP(G8,RegionMaster!$A$2:$A$5,RegionMaster!$B$2:$B$5) -> A
A9: ORD10007 | B9: CUST1293 | C9: PROD112 | D9: 45665 | E9: 45670 | G9: West | H9: Grocery | I9: UPI | J9: Cancelled | K9: 4357.65 | L9: =TEXT(D9,"MMMM") -> January | M9: =IF(NOT(ISBLANK(E9)),TEXT(E9,"MMMM"),"Cancelled") -> January | N9: =IF(F9="","Delivered","Cancelled") -> Delivered | O9: =IF(E9="","Order Cancelled",_xlfn.DAYS(E9,D9)) -> 5 | P9: =IF(F9="","Completed","Cancelled") -> Completed | Q9: =IF(O9="Order Cancelled","Cancelled",IF(O9<=2,"Fast","Slow")) -> Slow | R9: =_xlfn.XLOOKUP(B9,CustomerMaster!$A$2:$A$287,CustomerMaster!$B$2:$B$287) -> Customer_60 | S9: =_xlfn.XLOOKUP(C9,ProductMaster!$A$2:$A$51,ProductMaster!$B$2:$B$51) -> Product_10 | T9: =_xlfn.XLOOKUP(G9,RegionMaster!$A$2:$A$5,RegionMaster!$B$2:$B$5) -> D
A10: ORD10008 | B10: CUST1228 | C10: PROD107 | D10: 45718 | E10: 45721 | G10: North | H10: Electronics | I10: Debit Card | J10: Cancelled | K10: 3085.35 | L10: =TEXT(D10,"MMMM") -> March | M10: =IF(NOT(ISBLANK(E10)),TEXT(E10,"MMMM"),"Cancelled") -> March | N10: =IF(F10="","Delivered","Cancelled") -> Delivered | O10: =IF(E10="","Order Cancelled",_xlfn.DAYS(E10,D10)) -> 3 | P10: =IF(F10="","Completed","Cancelled") -> Completed | Q10: =IF(O10="Order Cancelled","Cancelled",IF(O10<=2,"Fast","Slow")) -> Slow | R10: =_xlfn.XLOOKUP(B10,CustomerMaster!$A$2:$A$287,CustomerMaster!$B$2:$B$287) -> Customer_91 | S10: =_xlfn.XLOOKUP(C10,ProductMaster!$A$2:$A$51,ProductMaster!$B$2:$B$51) -> Product_43 | T10: =_xlfn.XLOOKUP(G10,RegionMaster!$A$2:$A$5,RegionMaster!$B$2:$B$5) -> A
A11: ORD10009 | B11: CUST1159 | C11: PROD120 | D11: 45688 | E11: 45693 | G11: East | H11: Electronics | I11: Net Banking | J11: Delivered | K11: 3598.75 | L11: =TEXT(D11,"MMMM") -> January | M11: =IF(NOT(ISBLANK(E11)),TEXT(E11,"MMMM"),"Cancelled") -> February | N11: =IF(F11="","Delivered","Cancelled") -> Delivered | O11: =IF(E11="","Order Cancelled",_xlfn.DAYS(E11,D11)) -> 5 | P11: =IF(F11="","Completed","Cancelled") -> Completed | Q11: =IF(O11="Order Cancelled","Cancelled",IF(O11<=2,"Fast","Slow")) -> Slow | R11: =_xlfn.XLOOKUP(B11,CustomerMaster!$A$2:$A$287,CustomerMaster!$B$2:$B$287) -> Customer_26 | S11: =_xlfn.XLOOKUP(C11,ProductMaster!$A$2:$A$51,ProductMaster!$B$2:$B$51) -> Product_8 | T11: =_xlfn.XLOOKUP(G11,RegionMaster!$A$2:$A$5,RegionMaster!$B$2:$B$5) -> C
A12: ORD10010 | B12: CUST1227 | C12: PROD139 | D12: 45682 | E12: 45684 | G12: South | H12: Grocery | I12: Credit Card | J12: Delivered | K12: 298.81 | L12: =TEXT(D12,"MMMM") -> January | M12: =IF(NOT(ISBLANK(E12)),TEXT(E12,"MMMM"),"Cancelled") -> January | N12: =IF(F12="","Delivered","Cancelled") -> Delivered | O12: =IF(E12="","Order Cancelled",_xlfn.DAYS(E12,D12)) -> 2 | P12: =IF(F12="","Completed","Cancelled") -> Completed | Q12: =IF(O12="Order Cancelled","Cancelled",IF(O12<=2,"Fast","Slow")) -> Fast | R12: =_xlfn.XLOOKUP(B12,CustomerMaster!$A$2:$A$287,CustomerMaster!$B$2:$B$287) -> Customer_68 | S12: =_xlfn.XLOOKUP(C12,ProductMaster!$A$2:$A$51,ProductMaster!$B$2:$B$51) -> Product_15 | T12: =_xlfn.XLOOKUP(G12,RegionMaster!$A$2:$A$5,RegionMaster!$B$2:$B$5) -> B
A13: ORD10011 | B13: CUST1132 | C13: PROD110 | D13: 45761 | E13: 45765 | G13: East | H13: Home | I13: Credit Card | J13: Returned | K13: 4855.57 | L13: =TEXT(D13,"MMMM") -> April | M13: =IF(NOT(ISBLANK(E13)),TEXT(E13,"MMMM"),"Cancelled") -> April | N13: =IF(F13="","Delivered","Cancelled") -> Delivered | O13: =IF(E13="","Order Cancelled",_xlfn.DAYS(E13,D13)) -> 4 | P13: =IF(F13="","Completed","Cancelled") -> Completed | Q13: =IF(O13="Order Cancelled","Cancelled",IF(O13<=2,"Fast","Slow")) -> Slow | R13: =_xlfn.XLOOKUP(B13,CustomerMaster!$A$2:$A$287,CustomerMaster!$B$2:$B$287) -> Customer_44 | S13: =_xlfn.XLOOKUP(C13,ProductMaster!$A$2:$A$51,ProductMaster!$B$2:$B$51) -> Product_19 | T13: =_xlfn.XLOOKUP(G13,RegionMaster!$A$2:$A$5,RegionMaster!$B$2:$B$5) -> C
A14: ORD10012 | B14: CUST1105 | C14: PROD115 | D14: 45728 | F14: 45730 | G14: South | H14: Beauty | I14: Credit Card | J14: Returned | K14: 4195.72 | L14: =TEXT(D14,"MMMM") -> March | M14: =IF(NOT(ISBLANK(E14)),TEXT(E14,"MMMM"),"Cancelled") -> Cancelled | N14: =IF(F14="","Delivered","Cancelled") -> Cancelled | O14: =IF(E14="","Order Cancelled",_xlfn.DAYS(E14,D14)) -> Order Cancelled | P14: =IF(F14="","Completed","Cancelled") -> Cancelled | Q14: =IF(O14="Order Cancelled","Cancelled",IF(O14<=2,"Fast","Slow")) -> Cancelled | R14: =_xlfn.XLOOKUP(B14,CustomerMaster!$A$2:$A$287,CustomerMaster!$B$2:$B$287) -> Customer_11 | S14: =_xlfn.XLOOKUP(C14,ProductMaster!$A$2:$A$51,ProductMaster!$B$2:$B$51) -> Product_40 | T14: =_xlfn.XLOOKUP(G14,RegionMaster!$A$2:$A$5,RegionMaster!$B$2:$B$5) -> B
A15: ORD10013 | B15: CUST1165 | C15: PROD141 | D15: 45769 | E15: 45771 | G15: West | H15: Electronics | I15: UPI | J15: Cancelled | K15: 1219.23 | L15: =TEXT(D15,"MMMM") -> April | M15: =IF(NOT(ISBLANK(E15)),TEXT(E15,"MMMM"),"Cancelled") -> April | N15: =IF(F15="","Delivered","Cancelled") -> Delivered | O15: =IF(E15="","Order Cancelled",_xlfn.DAYS(E15,D15)) -> 2 | P15: =IF(F15="","Completed","Cancelled") -> Completed | Q15: =IF(O15="Order Cancelled","Cancelled",IF(O15<=2,"Fast","Slow")) -> Fast | R15: =_xlfn.XLOOKUP(B15,CustomerMaster!$A$2:$A$287,CustomerMaster!$B$2:$B$287) -> Customer_155 | S15: =_xlfn.XLOOKUP(C15,ProductMaster!$A$2:$A$51,ProductMaster!$B$2:$B$51) -> Product_29 | T15: =_xlfn.XLOOKUP(G15,RegionMaster!$A$2:$A$5,RegionMaster!$B$2:$B$5) -> D
A16: ORD10014 | B16: CUST1017 | C16: PROD108 | D16: 45750 | F16: 45752 | G16: South | H16: Electronics | I16: COD | J16: Delivered | K16: 1072.76 | L16: =TEXT(D16,"MMMM") -> April | M16: =IF(NOT(ISBLANK(E16)),TEXT(E16,"MMMM"),"Cancelled") -> Cancelled | N16: =IF(F16="","Delivered","Cancelled") -> Cancelled | O16: =IF(E16="","Order Cancelled",_xlfn.DAYS(E16,D16)) -> Order Cancelled | P16: =IF(F16="","Completed","Cancelled") -> Cancelled | Q16: =IF(O16="Order Cancelled","Cancelled",IF(O16<=2,"Fast","Slow")) -> Cancelled | R16: =_xlfn.XLOOKUP(B16,CustomerMaster!$A$2:$A$287,CustomerMaster!$B$2:$B$287) -> Customer_61 | S16: =_xlfn.XLOOKUP(C16,ProductMaster!$A$2:$A$51,ProductMaster!$B$2:$B$51) -> Product_5 | T16: =_xlfn.XLOOKUP(G16,RegionMaster!$A$2:$A$5,RegionMaster!$B$2:$B$5) -> B
A17: ORD10015 | B17: CUST1006 | C17: PROD128 | D17: 45690 | F17: 45690 | G17: East | H17: Grocery | I17: UPI | J17: Returned | K17: 1080.34 | L17: =TEXT(D17,"MMMM") -> February | M17: =IF(NOT(ISBLANK(E17)),TEXT(E17,"MMMM"),"Cancelled") -> Cancelled | N17: =IF(F17="","Delivered","Cancelled") -> Cancelled | O17: =IF(E17="","Order Cancelled",_xlfn.DAYS(E17,D17)) -> Order Cancelled | P17: =IF(F17="","Completed","Cancelled") -> Cancelled | Q17: =IF(O17="Order Cancelled","Cancelled",IF(O17<=2,"Fast","Slow")) -> Cancelled | R17: =_xlfn.XLOOKUP(B17,CustomerMaster!$A$2:$A$287,CustomerMaster!$B$2:$B$287) -> Customer_218 | S17: =_xlfn.XLOOKUP(C17,ProductMaster!$A$2:$A$51,ProductMaster!$B$2:$B$51) -> Product_44 | T17: =_xlfn.XLOOKUP(G17,RegionMaster!$A$2:$A$5,RegionMaster!$B$2:$B$5) -> C
A18: ORD10016 | B18: CUST1128 | C18: PROD102 | D18: 45683 | E18: 45684 | G18: West | H18: Grocery | I18: UPI | J18: Delivered | K18: 1660.36 | L18: =TEXT(D18,"MMMM") -> January | M18: =IF(NOT(ISBLANK(E18)),TEXT(E18,"MMMM"),"Cancelled") -> January | N18: =IF(F18="","Delivered","Cancelled") -> Delivered | O18: =IF(E18="","Order Cancelled",_xlfn.DAYS(E18,D18)) -> 1 | P18: =IF(F18="","Completed","Cancelled") -> Completed | Q18: =IF(O18="Order Cancelled","Cancelled",IF(O18<=2,"Fast","Slow")) -> Fast | R18: =_xlfn.XLOOKUP(B18,CustomerMaster!$A$2:$A$287,CustomerMaster!$B$2:$B$287) -> Customer_255 | S18: =_xlfn.XLOOKUP(C18,ProductMaster!$A$2:$A$51,ProductMaster!$B$2:$B$51) -> Product_6 | T18: =_xlfn.XLOOKUP(G18,RegionMaster!$A$2:$A$5,RegionMaster!$B$2:$B$5) -> D
A19: ORD10017 | B19: CUST1241 | C19: PROD102 | D19: 45770 | E19: 45775 | G19: South | H19: Fashion | I19: COD | J19: Returned | K19: 2718.83 | L19: =TEXT(D19,"MMMM") -> April | M19: =IF(NOT(ISBLANK(E19)),TEXT(E19,"MMMM"),"Cancelled") -> April | N19: =IF(F19="","Delivered","Cancelled") -> Delivered | O19: =IF(E19="","Order Cancelled",_xlfn.DAYS(E19,D19)) -> 5 | P19: =IF(F19="","Completed","Cancelled") -> Completed | Q19: =IF(O19="Order Cancelled","Cancelled",IF(O19<=2,"Fast","Slow")) -> Slow | R19: =_xlfn.XLOOKUP(B19,CustomerMaster!$A$2:$A$287,CustomerMaster!$B$2:$B$287) -> Customer_205 | S19: =_xlfn.XLOOKUP(C19,ProductMaster!$A$2:$A$51,ProductMaster!$B$2:$B$51) -> Product_6 | T19: =_xlfn.XLOOKUP(G19,RegionMaster!$A$2:$A$5,RegionMaster!$B$2:$B$5) -> B
A20: ORD10018 | B20: CUST1108 | C20: PROD139 | D20: 45659 | E20: 45661 | G20: North | H20: Grocery | I20: UPI | J20: Returned | K20: 2273.34 | L20: =TEXT(D20,"MMMM") -> January | M20: =IF(NOT(ISBLANK(E20)),TEXT(E20,"MMMM"),"Cancelled") -> January | N20: =IF(F20="","Delivered","Cancelled") -> Delivered | O20: =IF(E20="","Order Cancelled",_xlfn.DAYS(E20,D20)) -> 2 | P20: =IF(F20="","Completed","Cancelled") -> Completed | Q20: =IF(O20="Order Cancelled","Cancelled",IF(O20<=2,"Fast","Slow")) -> Fast | R20: =_xlfn.XLOOKUP(B20,CustomerMaster!$A$2:$A$287,CustomerMaster!$B$2:$B$287) -> Customer_199 | S20: =_xlfn.XLOOKUP(C20,ProductMaster!$A$2:$A$51,ProductMaster!$B$2:$B$51) -> Product_15 | T20: =_xlfn.XLOOKUP(G20,RegionMaster!$A$2:$A$5,RegionMaster!$B$2:$B$5) -> A
A21: ORD10019 | B21: CUST1156 | C21: PROD141 | D21: 45712 | E21: 45715 | G21: North | H21: Home | I21: Credit Card | J21: Cancelled | K21: 1597.9 | L21: =TEXT(D21,"MMMM") -> February | M21: =IF(NOT(ISBLANK(E21)),TEXT(E21,"MMMM"),"Cancelled") -> February | N21: =IF(F21="","Delivered","Cancelled") -> Delivered | O21: =IF(E21="","Order Cancelled",_xlfn.DAYS(E21,D21)) -> 3 | P21: =IF(F21="","Completed","Cancelled") -> Completed | Q21: =IF(O21="Order Cancelled","Cancelled",IF(O21<=2,"Fast","Slow")) -> Slow | R21: =_xlfn.XLOOKUP(B21,CustomerMaster!$A$2:$A$287,CustomerMaster!$B$2:$B$287) -> Customer_95 | S21: =_xlfn.XLOOKUP(C21,ProductMaster!$A$2:$A$51,ProductMaster!$B$2:$B$51) -> Product_29 | T21: =_xlfn.XLOOKUP(G21,RegionMaster!$A$2:$A$5,RegionMaster!$B$2:$B$5) -> A
A22: ORD10020 | B22: CUST1078 | C22: PROD105 | D22: 45761 | F22: 45762 | G22: East | H22: Home | I22: Credit Card | J22: Cancelled | K22: 3136.89 | L22: =TEXT(D22,"MMMM") -> April | M22: =IF(NOT(ISBLANK(E22)),TEXT(E22,"MMMM"),"Cancelled") -> Cancelled | N22: =IF(F22="","Delivered","Cancelled") -> Cancelled | O22: =IF(E22="","Order Cancelled",_xlfn.DAYS(E22,D22)) -> Order Cancelled | P22: =IF(F22="","Completed","Cancelled") -> Cancelled | Q22: =IF(O22="Order Cancelled","Cancelled",IF(O22<=2,"Fast","Slow")) -> Cancelled | R22: =_xlfn.XLOOKUP(B22,CustomerMaster!$A$2:$A$287,CustomerMaster!$B$2:$B$287) -> Customer_283 | S22: =_xlfn.XLOOKUP(C22,ProductMaster!$A$2:$A$51,ProductMaster!$B$2:$B$51) -> Product_11 | T22: =_xlfn.XLOOKUP(G22,RegionMaster!$A$2:$A$5,RegionMaster!$B$2:$B$5) -> C
A23: ORD10021 | B23: CUST1003 | C23: PROD114 | D23: 45658 | F23: 45660 | G23: West | H23: Home | I23: Net Banking | J23: Cancelled | K23: 869.57 | L23: =TEXT(D23,"MMMM") -> January | M23: =IF(NOT(ISBLANK(E23)),TEXT(E23,"MMMM"),"Cancelled") -> Cancelled | N23: =IF(F23="","Delivered","Cancelled") -> Cancelled | O23: =IF(E23="","Order Cancelled",_xlfn.DAYS(E23,D23)) -> Order Cancelled | P23: =IF(F23="","Completed","Cancelled") -> Cancelled | Q23: =IF(O23="Order Cancelled","Cancelled",IF(O23<=2,"Fast","Slow")) -> Cancelled | R23: =_xlfn.XLOOKUP(B23,CustomerMaster!$A$2:$A$287,CustomerMaster!$B$2:$B$287) -> Customer_232 | S23: =_xlfn.XLOOKUP(C23,ProductMaster!$A$2:$A$51,ProductMaster!$B$2:$B$51) -> Product_12 | T23: =_xlfn.XLOOKUP(G23,RegionMaster!$A$2:$A$5,RegionMaster!$B$2:$B$5) -> D
A24: ORD10022 | B24: CUST1235 | C24: PROD103 | D24: 45702 | F24: 45703 | G24: North | H24: Fashion | I24: Net Banking | J24: Cancelled | K24: 1602.29 | L24: =TEXT(D24,"MMMM") -> February | M24: =IF(NOT(ISBLANK(E24)),TEXT(E24,"MMMM"),"Cancelled") -> Cancelled | N24: =IF(F24="","Delivered","Cancelled") -> Cancelled | O24: =IF(E24="","Order Cancelled",_xlfn.DAYS(E24,D24)) -> Order Cancelled | P24: =IF(F24="","Completed","Cancelled") -> Cancelled | Q24: =IF(O24="Order Cancelled","Cancelled",IF(O24<=2,"Fast","Slow")) -> Cancelled | R24: =_xlfn.XLOOKUP(B24,CustomerMaster!$A$2:$A$287,CustomerMaster!$B$2:$B$287) -> Customer_267 | S24: =_xlfn.XLOOKUP(C24,ProductMaster!$A$2:$A$51,ProductMaster!$B$2:$B$51) -> Product_25 | T24: =_xlfn.XLOOKUP(G24,RegionMaster!$A$2:$A$5,RegionMaster!$B$2:$B$5) -> A
A25: ORD10023 | B25: CUST1229 | C25: PROD121 | D25: 45727 | E25: 45732 | G25: North | H25: Grocery | I25: Credit Card | J25: Returned | K25: 1958.54 | L25: =TEXT(D25,"MMMM") -> March | M25: =IF(NOT(ISBLANK(E25)),TEXT(E25,"MMMM"),"Cancelled") -> March | N25: =IF(F25="","Delivered","Cancelled") -> Delivered | O25: =IF(E25="","Order Cancelled",_xlfn.DAYS(E25,D25)) -> 5 | P25: =IF(F25="","Completed","Cancelled") -> Completed | Q25: =IF(O25="Order Cancelled","Cancelled",IF(O25<=2,"Fast","Slow")) -> Slow | R25: =_xlfn.XLOOKUP(B25,CustomerMaster!$A$2:$A$287,CustomerMaster!$B$2:$B$287) -> Customer_278 | S25: =_xlfn.XLOOKUP(C25,ProductMaster!$A$2:$A$51,ProductMaster!$B$2:$B$51) -> Product_14 | T25: =_xlfn.XLOOKUP(G25,RegionMaster!$A$2:$A$5,RegionMaster!$B$2:$B$5) -> A
A26: ORD10024 | B26: CUST1220 | C26: PROD138 | D26: 45692 | F26: 45692 | G26: East | H26: Electronics | I26: Credit Card | J26: Returned | K26: 2389.14 | L26: =TEXT(D26,"MMMM") -> February | M26: =IF(NOT(ISBLANK(E26)),TEXT(E26,"MMMM"),"Cancelled") -> Cancelled | N26: =IF(F26="","Delivered","Cancelled") -> Cancelled | O26: =IF(E26="","Order Cancelled",_xlfn.DAYS(E26,D26)) -> Order Cancelled | P26: =IF(F26="","Completed","Cancelled") -> Cancelled | Q26: =IF(O26="Order Cancelled","Cancelled",IF(O26<=2,"Fast","Slow")) -> Cancelled | R26: =_xlfn.XLOOKUP(B26,CustomerMaster!$A$2:$A$287,CustomerMaster!$B$2:$B$287) -> Customer_195 | S26: =_xlfn.XLOOKUP(C26,ProductMaster!$A$2:$A$51,ProductMaster!$B$2:$B$51) -> Product_38 | T26: =_xlfn.XLOOKUP(G26,RegionMaster!$A$2:$A$5,RegionMaster!$B$2:$B$5) -> C
A27: ORD10025 | B27: CUST1198 | C27: PROD143 | D27: 45777 | E27: 45780 | G27: North | H27: Electronics | I27: Net Banking | J27: Returned | K27: 3968.84 | L27: =TEXT(D27,"MMMM") -> April | M27: =IF(NOT(ISBLANK(E27)),TEXT(E27,"MMMM"),"Cancelled") -> May | N27: =IF(F27="","Delivered","Cancelled") -> Delivered | O27: =IF(E27="","Order Cancelled",_xlfn.DAYS(E27,D27)) -> 3 | P27: =IF(F27="","Completed","Cancelled") -> Completed | Q27: =IF(O27="Order Cancelled","Cancelled",IF(O27<=2,"Fast","Slow")) -> Slow | R27: =_xlfn.XLOOKUP(B27,CustomerMaster!$A$2:$A$287,CustomerMaster!$B$2:$B$287) -> Customer_107 | S27: =_xlfn.XLOOKUP(C27,ProductMaster!$A$2:$A$51,ProductMaster!$B$2:$B$51) -> Product_31 | T27: =_xlfn.XLOOKUP(G27,RegionMaster!$A$2:$A$5,RegionMaster!$B$2:$B$5) -> A
A28: ORD10026 | B28: CUST1152 | C28: PROD150 | D28: 45698 | E28: 45700 | G28: West | H28: Beauty | I28: COD | J28: Returned | K28: 1158.43 | L28: =TEXT(D28,"MMMM") -> February | M28: =IF(NOT(ISBLANK(E28)),TEXT(E28,"MMMM"),"Cancelled") -> February | N28: =IF(F28="","Delivered","Cancelled") -> Delivered | O28: =IF(E28="","Order Cancelled",_xlfn.DAYS(E28,D28)) -> 2 | P28: =IF(F28="","Completed","Cancelled") -> Completed | Q28: =IF(O28="Order Cancelled","Cancelled",IF(O28<=2,"Fast","Slow")) -> Fast | R28: =_xlfn.XLOOKUP(B28,CustomerMaster!$A$2:$A$287,CustomerMaster!$B$2:$B$287) -> Customer_42 | S28: =_xlfn.XLOOKUP(C28,ProductMaster!$A$2:$A$51,ProductMaster!$B$2:$B$51) -> Product_0 | T28: =_xlfn.XLOOKUP(G28,RegionMaster!$A$2:$A$5,RegionMaster!$B$2:$B$5) -> D
A29: ORD10027 | B29: CUST1106 | C29: PROD104 | D29: 45675 | E29: 45679 | G29: North | H29: Grocery | I29: Credit Card | J29: Returned | K29: 2668.33 | L29: =TEXT(D29,"MMMM") -> January | M29: =IF(NOT(ISBLANK(E29)),TEXT(E29,"MMMM"),"Cancelled") -> January | N29: =IF(F29="","Delivered","Cancelled") -> Delivered | O29: =IF(E29="","Order Cancelled",_xlfn.DAYS(E29,D29)) -> 4 | P29: =IF(F29="","Completed","Cancelled") -> Completed | Q29: =IF(O29="Order Cancelled","Cancelled",IF(O29<=2,"Fast","Slow")) -> Slow | R29: =_xlfn.XLOOKUP(B29,CustomerMaster!$A$2:$A$287,CustomerMaster!$B$2:$B$287) -> Customer_58 | S29: =_xlfn.XLOOKUP(C29,ProductMaster!$A$2:$A$51,ProductMaster!$B$2:$B$51) -> Product_3 | T29: =_xlfn.XLOOKUP(G29,RegionMaster!$A$2:$A$5,RegionMaster!$B$2:$B$5) -> A
A30: ORD10028 | B30: CUST1063 | C30: PROD120 | D30: 45729 | F30: 45731 | G30: South | H30: Fashion | I30: Credit Card | J30: Cancelled | K30: 3043.59 | L30: =TEXT(D30,"MMMM") -> March | M30: =IF(NOT(ISBLANK(E30)),TEXT(E30,"MMMM"),"Cancelled") -> Cancelled | N30: =IF(F30="","Delivered","Cancelled") -> Cancelled | O30: =IF(E30="","Order Cancelled",_xlfn.DAYS(E30,D30)) -> Order Cancelled | P30: =IF(F30="","Completed","Cancelled") -> Cancelled | Q30: =IF(O30="Order Cancelled","Cancelled",IF(O30<=2,"Fast","Slow")) -> Cancelled | R30: =_xlfn.XLOOKUP(B30,CustomerMaster!$A$2:$A$287,CustomerMaster!$B$2:$B$287) -> Customer_81 | S30: =_xlfn.XLOOKUP(C30,ProductMaster!$A$2:$A$51,ProductMaster!$B$2:$B$51) -> Product_8 | T30: =_xlfn.XLOOKUP(G30,RegionMaster!$A$2:$A$5,RegionMaster!$B$2:$B$5) -> B
A31: ORD10029 | B31: CUST1249 | C31: PROD142 | D31: 45773 | E31: 45777 | G31: East | H31: Grocery | I31: COD | J31: Delivered | K31: 422.96 | L31: =TEXT(D31,"MMMM") -> April | M31: =IF(NOT(ISBLANK(E31)),TEXT(E31,"MMMM"),"Cancelled") -> April | N31: =IF(F31="","Delivered","Cancelled") -> Delivered | O31: =IF(E31="","Order Cancelled",_xlfn.DAYS(E31,D31)) -> 4 | P31: =IF(F31="","Completed","Cancelled") -> Completed | Q31: =IF(O31="Order Cancelled","Cancelled",IF(O31<=2,"Fast","Slow")) -> Slow | R31: =_xlfn.XLOOKUP(B31,CustomerMaster!$A$2:$A$287,CustomerMaster!$B$2:$B$287) -> Customer_271 | S31: =_xlfn.XLOOKUP(C31,ProductMaster!$A$2:$A$51,ProductMaster!$B$2:$B$51) -> Product_45 | T31: =_xlfn.XLOOKUP(G31,RegionMaster!$A$2:$A$5,RegionMaster!$B$2:$B$5) -> C
A32: ORD10030 | B32: CUST1278 | C32: PROD125 | D32: 45696 | F32: 45696 | G32: West | H32: Electronics | I32: Net Banking | J32: Returned | K32: 3116.22 | L32: =TEXT(D32,"MMMM") -> February | M32: =IF(NOT(ISBLANK(E32)),TEXT(E32,"MMMM"),"Cancelled") -> Cancelled | N32: =IF(F32="","Delivered","Cancelled") -> Cancelled | O32: =IF(E32="","Order Cancelled",_xlfn.DAYS(E32,D32)) -> Order Cancelled | P32: =IF(F32="","Completed","Cancelled") -> Cancelled | Q32: =IF(O32="Order Cancelled","Cancelled",IF(O32<=2,"Fast","Slow")) -> Cancelled | R32: =_xlfn.XLOOKUP(B32,CustomerMaster!$A$2:$A$287,CustomerMaster!$B$2:$B$287) -> Customer_196 | S32: =_xlfn.XLOOKUP(C32,ProductMaster!$A$2:$A$51,ProductMaster!$B$2:$B$51) -> Product_32 | T32: =_xlfn.XLOOKUP(G32,RegionMaster!$A$2:$A$5,RegionMaster!$B$2:$B$5) -> D
A33: ORD10031 | B33: CUST1298 | C33: PROD125 | D33: 45736 | E33: 45741 | G33: West | H33: Grocery | I33: Debit Card | J33: Delivered | K33: 1018.52 | L33: =TEXT(D33,"MMMM") -> March | M33: =IF(NOT(ISBLANK(E33)),TEXT(E33,"MMMM"),"Cancelled") -> March | N33: =IF(F33="","Delivered","Cancelled") -> Delivered | O33: =IF(E33="","Order Cancelled",_xlfn.DAYS(E33,D33)) -> 5 | P33: =IF(F33="","Completed","Cancelled") -> Completed | Q33: =IF(O33="Order Cancelled","Cancelled",IF(O33<=2,"Fast","Slow")) -> Slow | R33: =_xlfn.XLOOKUP(B33,CustomerMaster!$A$2:$A$287,CustomerMaster!$B$2:$B$287) -> Customer_178 | S33: =_xlfn.XLOOKUP(C33,ProductMaster!$A$2:$A$51,ProductMaster!$B$2:$B$51) -> Product_32 | T33: =_xlfn.XLOOKUP(G33,RegionMaster!$A$2:$A$5,RegionMaster!$B$2:$B$5) -> D
A34: ORD10032 | B34: CUST1292 | C34: PROD145 | D34: 45710 | E34: 45715 | G34: North | H34: Electronics | I34: COD | J34: Delivered | K34: 512.25 | L34: =TEXT(D34,"MMMM") -> February | M34: =IF(NOT(ISBLANK(E34)),TEXT(E34,"MMMM"),"Cancelled") -> February | N34: =IF(F34="","Delivered","Cancelled") -> Delivered | O34: =IF(E34="","Order Cancelled",_xlfn.DAYS(E34,D34)) -> 5 | P34: =IF(F34="","Completed","Cancelled") -> Completed | Q34: =IF(O34="Order Cancelled","Cancelled",IF(O34<=2,"Fast","Slow")) -> Slow | R34: =_xlfn.XLOOKUP(B34,CustomerMaster!$A$2:$A$287,CustomerMaster!$B$2:$B$287) -> Customer_1 | S34: =_xlfn.XLOOKUP(C34,ProductMaster!$A$2:$A$51,ProductMaster!$B$2:$B$51) -> Product_36 | T34: =_xlfn.XLOOKUP(G34,RegionMaster!$A$2:$A$5,RegionMaster!$B$2:$B$5) -> A
A35: ORD10033 | B35: CUST1126 | C35: PROD117 | D35: 45766 | F35: 45767 | G35: North | H35: Grocery | I35: Debit Card | J35: Cancelled | K35: 4754.65 | L35: =TEXT(D35,"MMMM") -> April | M35: =IF(NOT(ISBLANK(E35)),TEXT(E35,"MMMM"),"Cancelled") -> Cancelled | N35: =IF(F35="","Delivered","Cancelled") -> Cancelled | O35: =IF(E35="","Order Cancelled",_xlfn.DAYS(E35,D35)) -> Order Cancelled | P35: =IF(F35="","Completed","Cancelled") -> Cancelled | Q35: =IF(O35="Order Cancelled","Cancelled",IF(O35<=2,"Fast","Slow")) -> Cancelled | R35: =_xlfn.XLOOKUP(B35,CustomerMaster!$A$2:$A$287,CustomerMaster!$B$2:$B$287) -> Customer_215 | S35: =_xlfn.XLOOKUP(C35,ProductMaster!$A$2:$A$51,ProductMaster!$B$2:$B$51) -> Product_18 | T35: =_xlfn.XLOOKUP(G35,RegionMaster!$A$2:$A$5,RegionMaster!$B$2:$B$5) -> A
A36: ORD10034 | B36: CUST1184 | C36: PROD117 | D36: 45732 | E36: 45735 | G36: North | H36: Beauty | I36: Credit Card | J36: Cancelled | K36: 4835.03 | L36: =TEXT(D36,"MMMM") -> March | M36: =IF(NOT(ISBLANK(E36)),TEXT(E36,"MMMM"),"Cancelled") -> March | N36: =IF(F36="","Delivered","Cancelled") -> Delivered | O36: =IF(E36="","Order Cancelled",_xlfn.DAYS(E36,D36)) -> 3 | P36: =IF(F36="","Completed","Cancelled") -> Completed | Q36: =IF(O36="Order Cancelled","Cancelled",IF(O36<=2,"Fast","Slow")) -> Slow | R36: =_xlfn.XLOOKUP(B36,CustomerMaster!$A$2:$A$287,CustomerMaster!$B$2:$B$287) -> Customer_50 | S36: =_xlfn.XLOOKUP(C36,ProductMaster!$A$2:$A$51,ProductMaster!$B$2:$B$51) -> Product_18 | T36: =_xlfn.XLOOKUP(G36,RegionMaster!$A$2:$A$5,RegionMaster!$B$2:$B$5) -> A
A37: ORD10035 | B37: CUST1051 | C37: PROD139 | D37: 45702 | E37: 45703 | G37: South | H37: Grocery | I37: Net Banking | J37: Delivered | K37: 4080.31 | L37: =TEXT(D37,"MMMM") -> February | M37: =IF(NOT(ISBLANK(E37)),TEXT(E37,"MMMM"),"Cancelled") -> February | N37: =IF(F37="","Delivered","Cancelled") -> Delivered | O37: =IF(E37="","Order Cancelled",_xlfn.DAYS(E37,D37)) -> 1 | P37: =IF(F37="","Completed","Cancelled") -> Completed | Q37: =IF(O37="Order Cancelled","Cancelled",IF(O37<=2,"Fast","Slow")) -> Fast | R37: =_xlfn.XLOOKUP(B37,CustomerMaster!$A$2:$A$287,CustomerMaster!$B$2:$B$287) -> Customer_52 | S37: =_xlfn.XLOOKUP(C37,ProductMaster!$A$2:$A$51,ProductMaster!$B$2:$B$51) -> Product_15 | T37: =_xlfn.XLOOKUP(G37,RegionMaster!$A$2:$A$5,RegionMaster!$B$2:$B$5) -> B
A38: ORD10036 | B38: CUST1125 | C38: PROD139 | D38: 45763 | E38: 45769 | G38: North | H38: Grocery | I38: Debit Card | J38: Returned | K38: 1662.15 | L38: =TEXT(D38,"MMMM") -> April | M38: =IF(NOT(ISBLANK(E38)),TEXT(E38,"MMMM"),"Cancelled") -> April | N38: =IF(F38="","Delivered","Cancelled") -> Delivered | O38: =IF(E38="","Order Cancelled",_xlfn.DAYS(E38,D38)) -> 6 | P38: =IF(F38="","Completed","Cancelled") -> Completed | Q38: =IF(O38="Order Cancelled","Cancelled",IF(O38<=2,"Fast","Slow")) -> Slow | R38: =_xlfn.XLOOKUP(B38,CustomerMaster!$A$2:$A$287,CustomerMaster!$B$2:$B$287) -> Customer_281 | S38: =_xlfn.XLOOKUP(C38,ProductMaster!$A$2:$A$51,ProductMaster!$B$2:$B$51) -> Product_15 | T38: =_xlfn.XLOOKUP(G38,RegionMaster!$A$2:$A$5,RegionMaster!$B$2:$B$5) -> A
A39: ORD10037 | B39: CUST1098 | C39: PROD147 | D39: 45699 | F39: 45701 | G39: North | H39: Electronics | I39: Credit Card | J39: Cancelled | K39: 668.83 | L39: =TEXT(D39,"MMMM") -> February | M39: =IF(NOT(ISBLANK(E39)),TEXT(E39,"MMMM"),"Cancelled") -> Cancelled | N39: =IF(F39="","Delivered","Cancelled") -> Cancelled | O39: =IF(E39="","Order Cancelled",_xlfn.DAYS(E39,D39)) -> Order Cancelled | P39: =IF(F39="","Completed","Cancelled") -> Cancelled | Q39: =IF(O39="Order Cancelled","Cancelled",IF(O39<=2,"Fast","Slow")) -> Cancelled | R39: =_xlfn.XLOOKUP(B39,CustomerMaster!$A$2:$A$287,CustomerMaster!$B$2:$B$287) -> Customer_66 | S39: =_xlfn.XLOOKUP(C39,ProductMaster!$A$2:$A$51,ProductMaster!$B$2:$B$51) -> Product_27 | T39: =_xlfn.XLOOKUP(G39,RegionMaster!$A$2:$A$5,RegionMaster!$B$2:$B$5) -> A
A40: ORD10038 | B40: CUST1172 | C40: PROD107 | D40: 45681 | E40: 45684 | G40: East | H40: Home | I40: Net Banking | J40: Cancelled | K40: 3484.32 | L40: =TEXT(D40,"MMMM") -> January | M40: =IF(NOT(ISBLANK(E40)),TEXT(E40,"MMMM"),"Cancelled") -> January | N40: =IF(F40="","Delivered","Cancelled") -> Delivered | O40: =IF(E40="","Order Cancelled",_xlfn.DAYS(E40,D40)) -> 3 | P40: =IF(F40="","Completed","Cancelled") -> Completed | Q40: =IF(O40="Order Cancelled","Cancelled",IF(O40<=2,"Fast","Slow")) -> Slow | R40: =_xlfn.XLOOKUP(B40,CustomerMaster!$A$2:$A$287,CustomerMaster!$B$2:$B$287) -> Customer_268 | S40: =_xlfn.XLOOKUP(C40,ProductMaster!$A$2:$A$51,ProductMaster!$B$2:$B$51) -> Product_43 | T40: =_xlfn.XLOOKUP(G40,RegionMaster!$A$2:$A$5,RegionMaster!$B$2:$B$5) -> C
A41: ORD10039 | B41: CUST1088 | C41: PROD138 | D41: 45732 | E41: 45737 | G41: East | H41: Electronics | I41: Net Banking | J41: Delivered | K41: 2312.73 | L41: =TEXT(D41,"MMMM") -> March | M41: =IF(NOT(ISBLANK(E41)),TEXT(E41,"MMMM"),"Cancelled") -> March | N41: =IF(F41="","Delivered","Cancelled") -> Delivered | O41: =IF(E41="","Order Cancelled",_xlfn.DAYS(E41,D41)) -> 5 | P41: =IF(F41="","Completed","Cancelled") -> Completed | Q41: =IF(O41="Order Cancelled","Cancelled",IF(O41<=2,"Fast","Slow")) -> Slow | R41: =_xlfn.XLOOKUP(B41,CustomerMaster!$A$2:$A$287,CustomerMaster!$B$2:$B$287) -> Customer_197 | S41: =_xlfn.XLOOKUP(C41,ProductMaster!$A$2:$A$51,ProductMaster!$B$2:$B$51) -> Product_38 | T41: =_xlfn.XLOOKUP(G41,RegionMaster!$A$2:$A$5,RegionMaster!$B$2:$B$5) -> C
A42: ORD10040 | B42: CUST1138 | C42: PROD145 | D42: 45666 | E42: 45670 | G42: West | H42: Fashion | I42: Debit Card | J42: Returned | K42: 785.78 | L42: =TEXT(D42,"MMMM") -> January | M42: =IF(NOT(ISBLANK(E42)),TEXT(E42,"MMMM"),"Cancelled") -> January | N42: =IF(F42="","Delivered","Cancelled") -> Delivered | O42: =IF(E42="","Order Cancelled",_xlfn.DAYS(E42,D42)) -> 4 | P42: =IF(F42="","Completed","Cancelled") -> Completed | Q42: =IF(O42="Order Cancelled","Cancelled",IF(O42<=2,"Fast","Slow")) -> Slow | R42: =_xlfn.XLOOKUP(B42,CustomerMaster!$A$2:$A$287,CustomerMaster!$B$2:$B$287) -> Customer_93 | S42: =_xlfn.XLOOKUP(C42,ProductMaster!$A$2:$A$51,ProductMaster!$B$2:$B$51) -> Product_36 | T42: =_xlfn.XLOOKUP(G42,RegionMaster!$A$2:$A$5,RegionMaster!$B$2:$B$5) -> D
A43: ORD10041 | B43: CUST1184 | C43: PROD143 | D43: 45757 | F43: 45759 | G43: East | H43: Fashion | I43: Credit Card | J43: Delivered | K43: 2576.85 | L43: =TEXT(D43,"MMMM") -> April | M43: =IF(NOT(ISBLANK(E43)),TEXT(E43,"MMMM"),"Cancelled") -> Cancelled | N43: =IF(F43="","Delivered","Cancelled") -> Cancelled | O43: =IF(E43="","Order Cancelled",_xlfn.DAYS(E43,D43)) -> Order Cancelled | P43: =IF(F43="","Completed","Cancelled") -> Cancelled | Q43: =IF(O43="Order Cancelled","Cancelled",IF(O43<=2,"Fast","Slow")) -> Cancelled | R43: =_xlfn.XLOOKUP(B43,CustomerMaster!$A$2:$A$287,CustomerMaster!$B$2:$B$287) -> Customer_50 | S43: =_xlfn.XLOOKUP(C43,ProductMaster!$A$2:$A$51,ProductMaster!$B$2:$B$51) -> Product_31 | T43: =_xlfn.XLOOKUP(G43,RegionMaster!$A$2:$A$5,RegionMaster!$B$2:$B$5) -> C
A44: ORD10042 | B44: CUST1258 | C44: PROD139 | D44: 45758 | E44: 45760 | G44: West | H44: Electronics | I44: UPI | J44: Cancelled | K44: 365.06 | L44: =TEXT(D44,"MMMM") -> April | M44: =IF(NOT(ISBLANK(E44)),TEXT(E44,"MMMM"),"Cancelled") -> April | N44: =IF(F44="","Delivered","Cancelled") -> Delivered | O44: =IF(E44="","Order Cancelled",_xlfn.DAYS(E44,D44)) -> 2 | P44: =IF(F44="","Completed","Cancelled") -> Completed | Q44: =IF(O44="Order Cancelled","Cancelled",IF(O44<=2,"Fast","Slow")) -> Fast | R44: =_xlfn.XLOOKUP(B44,CustomerMaster!$A$2:$A$287,CustomerMaster!$B$2:$B$287) -> Customer_170 | S44: =_xlfn.XLOOKUP(C44,ProductMaster!$A$2:$A$51,ProductMaster!$B$2:$B$51) -> Product_15 | T44: =_xlfn.XLOOKUP(G44,RegionMaster!$A$2:$A$5,RegionMaster!$B$2:$B$5) -> D
A45: ORD10043 | B45: CUST1289 | C45: PROD132 | D45: 45699 | E45: 45701 | G45: East | H45: Electronics | I45: Debit Card | J45: Returned | K45: 4564.74 | L45: =TEXT(D45,"MMMM") -> February | M45: =IF(NOT(ISBLANK(E45)),TEXT(E45,"MMMM"),"Cancelled") -> February | N45: =IF(F45="","Delivered","Cancelled") -> Delivered | O45: =IF(E45="","Order Cancelled",_xlfn.DAYS(E45,D45)) -> 2 | P45: =IF(F45="","Completed","Cancelled") -> Completed | Q45: =IF(O45="Order Cancelled","Cancelled",IF(O45<=2,"Fast","Slow")) -> Fast | R45: =_xlfn.XLOOKUP(B45,CustomerMaster!$A$2:$A$287,CustomerMaster!$B$2:$B$287) -> Customer_72 | S45: =_xlfn.XLOOKUP(C45,ProductMaster!$A$2:$A$51,ProductMaster!$B$2:$B$51) -> Product_4 | T45: =_xlfn.XLOOKUP(G45,RegionMaster!$A$2:$A$5,RegionMaster!$B$2:$B$5) -> C
A46: ORD10044 | B46: CUST1071 | C46: PROD149 | D46: 45682 | E46: 45687 | G46: North | H46: Beauty | I46: Debit Card | J46: Delivered | K46: 1442.14 | L46: =TEXT(D46,"MMMM") -> January | M46: =IF(NOT(ISBLANK(E46)),TEXT(E46,"MMMM"),"Cancelled") -> January | N46: =IF(F46="","Delivered","Cancelled") -> Delivered | O46: =IF(E46="","Order Cancelled",_xlfn.DAYS(E46,D46)) -> 5 | P46: =IF(F46="","Completed","Cancelled") -> Completed | Q46: =IF(O46="Order Cancelled","Cancelled",IF(O46<=2,"Fast","Slow")) -> Slow | R46: =_xlfn.XLOOKUP(B46,CustomerMaster!$A$2:$A$287,CustomerMaster!$B$2:$B$287) -> Customer_132 | S46: =_xlfn.XLOOKUP(C46,ProductMaster!$A$2:$A$51,ProductMaster!$B$2:$B$51) -> Product_2 | T46: =_xlfn.XLOOKUP(G46,RegionMaster!$A$2:$A$5,RegionMaster!$B$2:$B$5) -> A
A47: ORD10045 | B47: CUST1114 | C47: PROD120 | D47: 45680 | F47: 45682 | G47: South | H47: Home | I47: Credit Card | J47: Delivered | K47: 3380.11 | L47: =TEXT(D47,"MMMM") -> January | M47: =IF(NOT(ISBLANK(E47)),TEXT(E47,"MMMM"),"Cancelled") -> Cancelled | N47: =IF(F47="","Delivered","Cancelled") -> Cancelled | O47: =IF(E47="","Order Cancelled",_xlfn.DAYS(E47,D47)) -> Order Cancelled | P47: =IF(F47="","Completed","Cancelled") -> Cancelled | Q47: =IF(O47="Order Cancelled","Cancelled",IF(O47<=2,"Fast","Slow")) -> Cancelled | R47: =_xlfn.XLOOKUP(B47,CustomerMaster!$A$2:$A$287,CustomerMaster!$B$2:$B$287) -> Customer_21 | S47: =_xlfn.XLOOKUP(C47,ProductMaster!$A$2:$A$51,ProductMaster!$B$2:$B$51) -> Product_8 | T47: =_xlfn.XLOOKUP(G47,RegionMaster!$A$2:$A$5,RegionMaster!$B$2:$B$5) -> B
A48: ORD10046 | B48: CUST1118 | C48: PROD146 | D48: 45752 | E48: 45756 | G48: North | H48: Home | I48: Credit Card | J48: Cancelled | K48: 1696.21 | L48: =TEXT(D48,"MMMM") -> April | M48: =IF(NOT(ISBLANK(E48)),TEXT(E48,"MMMM"),"Cancelled") -> April | N48: =IF(F48="","Delivered","Cancelled") -> Delivered | O48: =IF(E48="","Order Cancelled",_xlfn.DAYS(E48,D48)) -> 4 | P48: =IF(F48="","Completed","Cancelled") -> Completed | Q48: =IF(O48="Order Cancelled","Cancelled",IF(O48<=2,"Fast","Slow")) -> Slow | R48: =_xlfn.XLOOKUP(B48,CustomerMaster!$A$2:$A$287,CustomerMaster!$B$2:$B$287) -> Customer_214 | S48: =_xlfn.XLOOKUP(C48,ProductMaster!$A$2:$A$51,ProductMaster!$B$2:$B$51) -> Product_46 | T48: =_xlfn.XLOOKUP(G48,RegionMaster!$A$2:$A$5,RegionMaster!$B$2:$B$5) -> A
A49: ORD10047 | B49: CUST1100 | C49: PROD139 | D49: 45751 | E49: 45753 | G49: South | H49: Electronics | I49: UPI | J49: Cancelled | K49: 2696.33 | L49: =TEXT(D49,"MMMM") -> April | M49: =IF(NOT(ISBLANK(E49)),TEXT(E49,"MMMM"),"Cancelled") -> April | N49: =IF(F49="","Delivered","Cancelled") -> Delivered | O49: =IF(E49="","Order Cancelled",_xlfn.DAYS(E49,D49)) -> 2 | P49: =IF(F49="","Completed","Cancelled") -> Completed | Q49: =IF(O49="Order Cancelled","Cancelled",IF(O49<=2,"Fast","Slow")) -> Fast | R49: =_xlfn.XLOOKUP(B49,CustomerMaster!$A$2:$A$287,CustomerMaster!$B$2:$B$287) -> Customer_269 | S49: =_xlfn.XLOOKUP(C49,ProductMaster!$A$2:$A$51,ProductMaster!$B$2:$B$51) -> Product_15 | T49: =_xlfn.XLOOKUP(G49,RegionMaster!$A$2:$A$5,RegionMaster!$B$2:$B$5) -> B
A50: ORD10048 | B50: CUST1164 | C50: PROD135 | D50: 45717 | E50: 45720 | G50: East | H50: Fashion | I50: COD | J50: Cancelled | K50: 2824.21 | L50: =TEXT(D50,"MMMM") -> March | M50: =IF(NOT(ISBLANK(E50)),TEXT(E50,"MMMM"),"Cancelled") -> March | N50: =IF(F50="","Delivered","Cancelled") -> Delivered | O50: =IF(E50="","Order Cancelled",_xlfn.DAYS(E50,D50)) -> 3 | P50: =IF(F50="","Completed","Cancelled") -> Completed | Q50: =IF(O50="Order Cancelled","Cancelled",IF(O50<=2,"Fast","Slow")) -> Slow | R50: =_xlfn.XLOOKUP(B50,CustomerMaster!$A$2:$A$287,CustomerMaster!$B$2:$B$287) -> Customer_2 | S50: =_xlfn.XLOOKUP(C50,ProductMaster!$A$2:$A$51,ProductMaster!$B$2:$B$51) -> Product_35 | T50: =_xlfn.XLOOKUP(G50,RegionMaster!$A$2:$A$5,RegionMaster!$B$2:$B$5) -> C
A51: ORD10049 | B51: CUST1124 | C51: PROD137 | D51: 45729 | E51: 45731 | G51: South | H51: Grocery | I51: COD | J51: Returned | K51: 1087.3 | L51: =TEXT(D51,"MMMM") -> March | M51: =IF(NOT(ISBLANK(E51)),TEXT(E51,"MMMM"),"Cancelled") -> March | N51: =IF(F51="","Delivered","Cancelled") -> Delivered | O51: =IF(E51="","Order Cancelled",_xlfn.DAYS(E51,D51)) -> 2 | P51: =IF(F51="","Completed","Cancelled") -> Completed | Q51: =IF(O51="Order Cancelled","Cancelled",IF(O51<=2,"Fast","Slow")) -> Fast | R51: =_xlfn.XLOOKUP(B51,CustomerMaster!$A$2:$A$287,CustomerMaster!$B$2:$B$287) -> Customer_49 | S51: =_xlfn.XLOOKUP(C51,ProductMaster!$A$2:$A$51,ProductMaster!$B$2:$B$51) -> Product_23 | T51: =_xlfn.XLOOKUP(G51,RegionMaster!$A$2:$A$5,RegionMaster!$B$2:$B$5) -> B
A52: ORD10050 | B52: CUST1219 | C52: PROD146 | D52: 45664 | E52: 45667 | G52: North | H52: Fashion | I52: UPI | J52: Returned | K52: 4854.01 | L52: =TEXT(D52,"MMMM") -> January | M52: =IF(NOT(ISBLANK(E52)),TEXT(E52,"MMMM"),"Cancelled") -> January | N52: =IF(F52="","Delivered","Cancelled") -> Delivered | O52: =IF(E52="","Order Cancelled",_xlfn.DAYS(E52,D52)) -> 3 | P52: =IF(F52="","Completed","Cancelled") -> Completed | Q52: =IF(O52="Order Cancelled","Cancelled",IF(O52<=2,"Fast","Slow")) -> Slow | R52: =_xlfn.XLOOKUP(B52,CustomerMaster!$A$2:$A$287,CustomerMaster!$B$2:$B$287) -> Customer_229 | S52: =_xlfn.XLOOKUP(C52,ProductMaster!$A$2:$A$51,ProductMaster!$B$2:$B$51) -> Product_46 | T52: =_xlfn.XLOOKUP(G52,RegionMaster!$A$2:$A$5,RegionMaster!$B$2:$B$5) -> A
A53: ORD10051 | B53: CUST1042 | C53: PROD103 | D53: 45699 | E53: 45700 | G53: North | H53: Home | I53: COD | J53: Cancelled | K53: 3920.64 | L53: =TEXT(D53,"MMMM") -> February | M53: =IF(NOT(ISBLANK(E53)),TEXT(E53,"MMMM"),"Cancelled") -> February | N53: =IF(F53="","Delivered","Cancelled") -> Delivered | O53: =IF(E53="","Order Cancelled",_xlfn.DAYS(E53,D53)) -> 1 | P53: =IF(F53="","Completed","Cancelled") -> Completed | Q53: =IF(O53="Order Cancelled","Cancelled",IF(O53<=2,"Fast","Slow")) -> Fast | R53: =_xlfn.XLOOKUP(B53,CustomerMaster!$A$2:$A$287,CustomerMaster!$B$2:$B$287) -> Customer_135 | S53: =_xlfn.XLOOKUP(C53,ProductMaster!$A$2:$A$51,ProductMaster!$B$2:$B$51) -> Product_25 | T53: =_xlfn.XLOOKUP(G53,RegionMaster!$A$2:$A$5,RegionMaster!$B$2:$B$5) -> A
A54: ORD10052 | B54: CUST1232 | C54: PROD135 | D54: 45688 | E54: 45692 | G54: South | H54: Grocery | I54: Net Banking | J54: Delivered | K54: 4709.59 | L54: =TEXT(D54,"MMMM") -> January | M54: =IF(NOT(ISBLANK(E54)),TEXT(E54,"MMMM"),"Cancelled") -> February | N54: =IF(F54="","Delivered","Cancelled") -> Delivered | O54: =IF(E54="","Order Cancelled",_xlfn.DAYS(E54,D54)) -> 4 | P54: =IF(F54="","Completed","Cancelled") -> Completed | Q54: =IF(O54="Order Cancelled","Cancelled",IF(O54<=2,"Fast","Slow")) -> Slow | R54: =_xlfn.XLOOKUP(B54,CustomerMaster!$A$2:$A$287,CustomerMaster!$B$2:$B$287) -> Customer_262 | S54: =_xlfn.XLOOKUP(C54,ProductMaster!$A$2:$A$51,ProductMaster!$B$2:$B$51) -> Product_35 | T54: =_xlfn.XLOOKUP(G54,RegionMaster!$A$2:$A$5,RegionMaster!$B$2:$B$5) -> B
A55: ORD10053 | B55: CUST1112 | C55: PROD113 | D55: 45771 | F55: 45772 | G55: East | H55: Electronics | I55: Credit Card | J55: Cancelled | K55: 4495.17 | L55: =TEXT(D55,"MMMM") -> April | M55: =IF(NOT(ISBLANK(E55)),TEXT(E55,"MMMM"),"Cancelled") -> Cancelled | N55: =IF(F55="","Delivered","Cancelled") -> Cancelled | O55: =IF(E55="","Order Cancelled",_xlfn.DAYS(E55,D55)) -> Order Cancelled | P55: =IF(F55="","Completed","Cancelled") -> Cancelled | Q55: =IF(O55="Order Cancelled","Cancelled",IF(O55<=2,"Fast","Slow")) -> Cancelled | R55: =_xlfn.XLOOKUP(B55,CustomerMaster!$A$2:$A$287,CustomerMaster!$B$2:$B$287) -> Customer_169 | S55: =_xlfn.XLOOKUP(C55,ProductMaster!$A$2:$A$51,ProductMaster!$B$2:$B$51) -> Product_9 | T55: =_xlfn.XLOOKUP(G55,RegionMaster!$A$2:$A$5,RegionMaster!$B$2:$B$5) -> C
A56: ORD10054 | B56: CUST1017 | C56: PROD117 | D56: 45689 | E56: 45694 | G56: East | H56: Grocery | I56: COD | J56: Delivered | K56: 3069.92 | L56: =TEXT(D56,"MMMM") -> February | M56: =IF(NOT(ISBLANK(E56)),TEXT(E56,"MMMM"),"Cancelled") -> February | N56: =IF(F56="","Delivered","Cancelled") -> Delivered | O56: =IF(E56="","Order Cancelled",_xlfn.DAYS(E56,D56)) -> 5 | P56: =IF(F56="","Completed","Cancelled") -> Completed | Q56: =IF(O56="Order Cancelled","Cancelled",IF(O56<=2,"Fast","Slow")) -> Slow | R56: =_xlfn.XLOOKUP(B56,CustomerMaster!$A$2:$A$287,CustomerMaster!$B$2:$B$287) -> Customer_61 | S56: =_xlfn.XLOOKUP(C56,ProductMaster!$A$2:$A$51,ProductMaster!$B$2:$B$51) -> Product_18 | T56: =_xlfn.XLOOKUP(G56,RegionMaster!$A$2:$A$5,RegionMaster!$B$2:$B$5) -> C
A57: ORD10055 | B57: CUST1135 | C57: PROD116 | D57: 45663 | E57: 45666 | G57: North | H57: Electronics | I57: UPI | J57: Returned | K57: 4625 | L57: =TEXT(D57,"MMMM") -> January | M57: =IF(NOT(ISBLANK(E57)),TEXT(E57,"MMMM"),"Cancelled") -> January | N57: =IF(F57="","Delivered","Cancelled") -> Delivered | O57: =IF(E57="","Order Cancelled",_xlfn.DAYS(E57,D57)) -> 3 | P57: =IF(F57="","Completed","Cancelled") -> Completed | Q57: =IF(O57="Order Cancelled","Cancelled",IF(O57<=2,"Fast","Slow")) -> Slow | R57: =_xlfn.XLOOKUP(B57,CustomerMaster!$A$2:$A$287,CustomerMaster!$B$2:$B$287) -> Customer_126 | S57: =_xlfn.XLOOKUP(C57,ProductMaster!$A$2:$A$51,ProductMaster!$B$2:$B$51) -> Product_41 | T57: =_xlfn.XLOOKUP(G57,RegionMaster!$A$2:$A$5,RegionMaster!$B$2:$B$5) -> A
A58: ORD10056 | B58: CUST1187 | C58: PROD125 | D58: 45771 | E58: 45775 | G58: South | H58: Fashion | I58: COD | J58: Delivered | K58: 624.76 | L58: =TEXT(D58,"MMMM") -> April | M58: =IF(NOT(ISBLANK(E58)),TEXT(E58,"MMMM"),"Cancelled") -> April | N58: =IF(F58="","Delivered","Cancelled") -> Delivered | O58: =IF(E58="","Order Cancelled",_xlfn.DAYS(E58,D58)) -> 4 | P58: =IF(F58="","Completed","Cancelled") -> Completed | Q58: =IF(O58="Order Cancelled","Cancelled",IF(O58<=2,"Fast","Slow")) -> Slow | R58: =_xlfn.XLOOKUP(B58,CustomerMaster!$A$2:$A$287,CustomerMaster!$B$2:$B$287) -> Customer_84 | S58: =_xlfn.XLOOKUP(C58,ProductMaster!$A$2:$A$51,ProductMaster!$B$2:$B$51) -> Product_32 | T58: =_xlfn.XLOOKUP(G58,RegionMaster!$A$2:$A$5,RegionMaster!$B$2:$B$5) -> B
A59: ORD10057 | B59: CUST1140 | C59: PROD135 | D59: 45664 | E59: 45666 | G59: West | H59: Fashion | I59: Net Banking | J59: Returned | K59: 1140.72 | L59: =TEXT(D59,"MMMM") -> January | M59: =IF(NOT(ISBLANK(E59)),TEXT(E59,"MMMM"),"Cancelled") -> January | N59: =IF(F59="","Delivered","Cancelled") -> Delivered | O59: =IF(E59="","Order Cancelled",_xlfn.DAYS(E59,D59)) -> 2 | P59: =IF(F59="","Completed","Cancelled") -> Completed | Q59: =IF(O59="Order Cancelled","Cancelled",IF(O59<=2,"Fast","Slow")) -> Fast | R59: =_xlfn.XLOOKUP(B59,CustomerMaster!$A$2:$A$287,CustomerMaster!$B$2:$B$287) -> Customer_124 | S59: =_xlfn.XLOOKUP(C59,ProductMaster!$A$2:$A$51,ProductMaster!$B$2:$B$51) -> Product_35 | T59: =_xlfn.XLOOKUP(G59,RegionMaster!$A$2:$A$5,RegionMaster!$B$2:$B$5) -> D
A60: ORD10058 | B60: CUST1108 | C60: PROD130 | D60: 45715 | F60: 45717 | G60: East | H60: Fashion | I60: Net Banking | J60: Returned | K60: 417.09 | L60: =TEXT(D60,"MMMM") -> February | M60: =IF(NOT(ISBLANK(E60)),TEXT(E60,"MMMM"),"Cancelled") -> Cancelled | N60: =IF(F60="","Delivered","Cancelled") -> Cancelled | O60: =IF(E60="","Order Cancelled",_xlfn.DAYS(E60,D60)) -> Order Cancelled | P60: =IF(F60="","Completed","Cancelled") -> Cancelled | Q60: =IF(O60="Order Cancelled","Cancelled",IF(O60<=2,"Fast","Slow")) -> Cancelled | R60: =_xlfn.XLOOKUP(B60,CustomerMaster!$A$2:$A$287,CustomerMaster!$B$2:$B$287) -> Customer_199 | S60: =_xlfn.XLOOKUP(C60,ProductMaster!$A$2:$A$51,ProductMaster!$B$2:$B$51) -> Product_24 | T60: =_xlfn.XLOOKUP(G60,RegionMaster!$A$2:$A$5,RegionMaster!$B$2:$B$5) -> C
A61: ORD10059 | B61: CUST1112 | C61: PROD139 | D61: 45692 | E61: 45695 | G61: South | H61: Fashion | I61: Net Banking | J61: Delivered | K61: 1761.59 | L61: =TEXT(D61,"MMMM") -> February | M61: =IF(NOT(ISBLANK(E61)),TEXT(E61,"MMMM"),"Cancelled") -> February | N61: =IF(F61="","Delivered","Cancelled") -> Delivered | O61: =IF(E61="","Order Cancelled",_xlfn.DAYS(E61,D61)) -> 3 | P61: =IF(F61="","Completed","Cancelled") -> Completed | Q61: =IF(O61="Order Cancelled","Cancelled",IF(O61<=2,"Fast","Slow")) -> Slow | R61: =_xlfn.XLOOKUP(B61,CustomerMaster!$A$2:$A$287,CustomerMaster!$B$2:$B$287) -> Customer_169 | S61: =_xlfn.XLOOKUP(C61,ProductMaster!$A$2:$A$51,ProductMaster!$B$2:$B$51) -> Product_15 | T61: =_xlfn.XLOOKUP(G61,RegionMaster!$A$2:$A$5,RegionMaster!$B$2:$B$5) -> B
A62: ORD10060 | B62: CUST1291 | C62: PROD127 | D62: 45677 | E62: 45682 | G62: North | H62: Home | I62: Credit Card | J62: Cancelled | K62: 2065.65 | L62: =TEXT(D62,"MMMM") -> January | M62: =IF(NOT(ISBLANK(E62)),TEXT(E62,"MMMM"),"Cancelled") -> January | N62: =IF(F62="","Delivered","Cancelled") -> Delivered | O62: =IF(E62="","Order Cancelled",_xlfn.DAYS(E62,D62)) -> 5 | P62: =IF(F62="","Completed","Cancelled") -> Completed | Q62: =IF(O62="Order Cancelled","Cancelled",IF(O62<=2,"Fast","Slow")) -> Slow | R62: =_xlfn.XLOOKUP(B62,CustomerMaster!$A$2:$A$287,CustomerMaster!$B$2:$B$287) -> Customer_224 | S62: =_xlfn.XLOOKUP(C62,ProductMaster!$A$2:$A$51,ProductMaster!$B$2:$B$51) -> Product_28 | T62: =_xlfn.XLOOKUP(G62,RegionMaster!$A$2:$A$5,RegionMaster!$B$2:$B$5) -> A
A63: ORD10061 | B63: CUST1149 | C63: PROD134 | D63: 45758 | F63: 45760 | G63: South | H63: Fashion | I63: Debit Card | J63: Cancelled | K63: 1502.48 | L63: =TEXT(D63,"MMMM") -> April | M63: =IF(NOT(ISBLANK(E63)),TEXT(E63,"MMMM"),"Cancelled") -> Cancelled | N63: =IF(F63="","Delivered","Cancelled") -> Cancelled | O63: =IF(E63="","Order Cancelled",_xlfn.DAYS(E63,D63)) -> Order Cancelled | P63: =IF(F63="","Completed","Cancelled") -> Cancelled | Q63: =IF(O63="Order Cancelled","Cancelled",IF(O63<=2,"Fast","Slow")) -> Cancelled | R63: =_xlfn.XLOOKUP(B63,CustomerMaster!$A$2:$A$287,CustomerMaster!$B$2:$B$287) -> Customer_12 | S63: =_xlfn.XLOOKUP(C63,ProductMaster!$A$2:$A$51,ProductMaster!$B$2:$B$51) -> Product_17 | T63: =_xlfn.XLOOKUP(G63,RegionMaster!$A$2:$A$5,RegionMaster!$B$2:$B$5) -> B
A64: ORD10062 | B64: CUST1104 | C64: PROD129 | D64: 45756 | E64: 45762 | G64: East | H64: Home | I64: COD | J64: Cancelled | K64: 4177.94 | L64: =TEXT(D64,"MMMM") -> April | M64: =IF(NOT(ISBLANK(E64)),TEXT(E64,"MMMM"),"Cancelled") -> April | N64: =IF(F64="","Delivered","Cancelled") -> Delivered | O64: =IF(E64="","Order Cancelled",_xlfn.DAYS(E64,D64)) -> 6 | P64: =IF(F64="","Completed","Cancelled") -> Completed | Q64: =IF(O64="Order Cancelled","Cancelled",IF(O64<=2,"Fast","Slow")) -> Slow | R64: =_xlfn.XLOOKUP(B64,CustomerMaster!$A$2:$A$287,CustomerMaster!$B$2:$B$287) -> Customer_179 | S64: =_xlfn.XLOOKUP(C64,ProductMaster!$A$2:$A$51,ProductMaster!$B$2:$B$51) -> Product_42 | T64: =_xlfn.XLOOKUP(G64,RegionMaster!$A$2:$A$5,RegionMaster!$B$2:$B$5) -> C
A65: ORD10063 | B65: CUST1145 | C65: PROD136 | D65: 45750 | F65: 45752 | G65: East | H65: Grocery | I65: UPI | J65: Returned | K65: 1912.42 | L65: =TEXT(D65,"MMMM") -> April | M65: =IF(NOT(ISBLANK(E65)),TEXT(E65,"MMMM"),"Cancelled") -> Cancelled | N65: =IF(F65="","Delivered","Cancelled") -> Cancelled | O65: =IF(E65="","Order Cancelled",_xlfn.DAYS(E65,D65)) -> Order Cancelled | P65: =IF(F65="","Completed","Cancelled") -> Cancelled | Q65: =IF(O65="Order Cancelled","Cancelled",IF(O65<=2,"Fast","Slow")) -> Cancelled | R65: =_xlfn.XLOOKUP(B65,CustomerMaster!$A$2:$A$287,CustomerMaster!$B$2:$B$287) -> Customer_233 | S65: =_xlfn.XLOOKUP(C65,ProductMaster!$A$2:$A$51,ProductMaster!$B$2:$B$51) -> Product_16 | T65: =_xlfn.XLOOKUP(G65,RegionMaster!$A$2:$A$5,RegionMaster!$B$2:$B$5) -> C
A66: ORD10064 | B66: CUST1257 | C66: PROD132 | D66: 45706 | E66: 45711 | G66: South | H66: Fashion | I66: Credit Card | J66: Cancelled | K66: 1548.49 | L66: =TEXT(D66,"MMMM") -> February | M66: =IF(NOT(ISBLANK(E66)),TEXT(E66,"MMMM"),"Cancelled") -> February | N66: =IF(F66="","Delivered","Cancelled") -> Delivered | O66: =IF(E66="","Order Cancelled",_xlfn.DAYS(E66,D66)) -> 5 | P66: =IF(F66="","Completed","Cancelled") -> Completed | Q66: =IF(O66="Order Cancelled","Cancelled",IF(O66<=2,"Fast","Slow")) -> Slow | R66: =_xlfn.XLOOKUP(B66,CustomerMaster!$A$2:$A$287,CustomerMaster!$B$2:$B$287) -> Customer_29 | S66: =_xlfn.XLOOKUP(C66,ProductMaster!$A$2:$A$51,ProductMaster!$B$2:$B$51) -> Product_4 | T66: =_xlfn.XLOOKUP(G66,RegionMaster!$A$2:$A$5,RegionMaster!$B$2:$B$5) -> B
A67: ORD10065 | B67: CUST1144 | C67: PROD107 | D67: 45701 | F67: 45702 | G67: East | H67: Fashion | I67: Debit Card | J67: Returned | K67: 2804.94 | L67: =TEXT(D67,"MMMM") -> February | M67: =IF(NOT(ISBLANK(E67)),TEXT(E67,"MMMM"),"Cancelled") -> Cancelled | N67: =IF(F67="","Delivered","Cancelled") -> Cancelled | O67: =IF(E67="","Order Cancelled",_xlfn.DAYS(E67,D67)) -> Order Cancelled | P67: =IF(F67="","Completed","Cancelled") -> Cancelled | Q67: =IF(O67="Order Cancelled","Cancelled",IF(O67<=2,"Fast","Slow")) -> Cancelled | R67: =_xlfn.XLOOKUP(B67,CustomerMaster!$A$2:$A$287,CustomerMaster!$B$2:$B$287) -> Customer_181 | S67: =_xlfn.XLOOKUP(C67,ProductMaster!$A$2:$A$51,ProductMaster!$B$2:$B$51) -> Product_43 | T67: =_xlfn.XLOOKUP(G67,RegionMaster!$A$2:$A$5,RegionMaster!$B$2:$B$5) -> C
A68: ORD10066 | B68: CUST1076 | C68: PROD147 | D68: 45753 | E68: 45756 | G68: North | H68: Home | I68: Credit Card | J68: Returned | K68: 876.44 | L68: =TEXT(D68,"MMMM") -> April | M68: =IF(NOT(ISBLANK(E68)),TEXT(E68,"MMMM"),"Cancelled") -> April | N68: =IF(F68="","Delivered","Cancelled") -> Delivered | O68: =IF(E68="","Order Cancelled",_xlfn.DAYS(E68,D68)) -> 3 | P68: =IF(F68="","Completed","Cancelled") -> Completed | Q68: =IF(O68="Order Cancelled","Cancelled",IF(O68<=2,"Fast","Slow")) -> Slow | R68: =_xlfn.XLOOKUP(B68,CustomerMaster!$A$2:$A$287,CustomerMaster!$B$2:$B$287) -> Customer_256 | S68: =_xlfn.XLOOKUP(C68,ProductMaster!$A$2:$A$51,ProductMaster!$B$2:$B$51) -> Product_27 | T68: =_xlfn.XLOOKUP(G68,RegionMaster!$A$2:$A$5,RegionMaster!$B$2:$B$5) -> A
A69: ORD10067 | B69: CUST1152 | C69: PROD120 | D69: 45738 | E69: 45741 | G69: North | H69: Electronics | I69: COD | J69: Delivered | K69: 4050.55 | L69: =TEXT(D69,"MMMM") -> March | M69: =IF(NOT(ISBLANK(E69)),TEXT(E69,"MMMM"),"Cancelled") -> March | N69: =IF(F69="","Delivered","Cancelled") -> Delivered | O69: =IF(E69="","Order Cancelled",_xlfn.DAYS(E69,D69)) -> 3 | P69: =IF(F69="","Completed","Cancelled") -> Completed | Q69: =IF(O69="Order Cancelled","Cancelled",IF(O69<=2,"Fast","Slow")) -> Slow | R69: =_xlfn.XLOOKUP(B69,CustomerMaster!$A$2:$A$287,CustomerMaster!$B$2:$B$287) -> Customer_42 | S69: =_xlfn.XLOOKUP(C69,ProductMaster!$A$2:$A$51,ProductMaster!$B$2:$B$51) -> Product_8 | T69: =_xlfn.XLOOKUP(G69,RegionMaster!$A$2:$A$5,RegionMaster!$B$2:$B$5) -> A
A70: ORD10068 | B70: CUST1156 | C70: PROD129 | D70: 45723 | E70: 45725 | G70: South | H70: Home | I70: Credit Card | J70: Cancelled | K70: 557.84 | L70: =TEXT(D70,"MMMM") -> March | M70: =IF(NOT(ISBLANK(E70)),TEXT(E70,"MMMM"),"Cancelled") -> March | N70: =IF(F70="","Delivered","Cancelled") -> Delivered | O70: =IF(E70="","Order Cancelled",_xlfn.DAYS(E70,D70)) -> 2 | P70: =IF(F70="","Completed","Cancelled") -> Completed | Q70: =IF(O70="Order Cancelled","Cancelled",IF(O70<=2,"Fast","Slow")) -> Fast | R70: =_xlfn.XLOOKUP(B70,CustomerMaster!$A$2:$A$287,CustomerMaster!$B$2:$B$287) -> Customer_95 | S70: =_xlfn.XLOOKUP(C70,ProductMaster!$A$2:$A$51,ProductMaster!$B$2:$B$51) -> Product_42 | T70: =_xlfn.XLOOKUP(G70,RegionMaster!$A$2:$A$5,RegionMaster!$B$2:$B$5) -> B
A71: ORD10069 | B71: CUST1116 | C71: PROD146 | D71: 45737 | E71: 45741 | G71: West | H71: Fashion | I71: Net Banking | J71: Returned | K71: 4937.06 | L71: =TEXT(D71,"MMMM") -> March | M71: =IF(NOT(ISBLANK(E71)),TEXT(E71,"MMMM"),"Cancelled") -> March | N71: =IF(F71="","Delivered","Cancelled") -> Delivered | O71: =IF(E71="","Order Cancelled",_xlfn.DAYS(E71,D71)) -> 4 | P71: =IF(F71="","Completed","Cancelled") -> Completed | Q71: =IF(O71="Order Cancelled","Cancelled",IF(O71<=2,"Fast","Slow")) -> Slow | R71: =_xlfn.XLOOKUP(B71,CustomerMaster!$A$2:$A$287,CustomerMaster!$B$2:$B$287) -> Customer_223 | S71: =_xlfn.XLOOKUP(C71,ProductMaster!$A$2:$A$51,ProductMaster!$B$2:$B$51) -> Product_46 | T71: =_xlfn.XLOOKUP(G71,RegionMaster!$A$2:$A$5,RegionMaster!$B$2:$B$5) -> D
A72: ORD10070 | B72: CUST1239 | C72: PROD135 | D72: 45681 | E72: 45686 | G72: East | H72: Fashion | I72: Debit Card | J72: Delivered | K72: 3906.77 | L72: =TEXT(D72,"MMMM") -> January | M72: =IF(NOT(ISBLANK(E72)),TEXT(E72,"MMMM"),"Cancelled") -> January | N72: =IF(F72="","Delivered","Cancelled") -> Delivered | O72: =IF(E72="","Order Cancelled",_xlfn.DAYS(E72,D72)) -> 5 | P72: =IF(F72="","Completed","Cancelled") -> Completed | Q72: =IF(O72="Order Cancelled","Cancelled",IF(O72<=2,"Fast","Slow")) -> Slow | R72: =_xlfn.XLOOKUP(B72,CustomerMaster!$A$2:$A$287,CustomerMaster!$B$2:$B$287) -> Customer_36 | S72: =_xlfn.XLOOKUP(C72,ProductMaster!$A$2:$A$51,ProductMaster!$B$2:$B$51) -> Product_35 | T72: =_xlfn.XLOOKUP(G72,RegionMaster!$A$2:$A$5,RegionMaster!$B$2:$B$5) -> C
A73: ORD10071 | B73: CUST1048 | C73: PROD132 | D73: 45748 | F73: 45749 | G73: East | H73: Beauty | I73: Credit Card | J73: Delivered | K73: 1153.84 | L73: =TEXT(D73,"MMMM") -> April | M73: =IF(NOT(ISBLANK(E73)),TEXT(E73,"MMMM"),"Cancelled") -> Cancelled | N73: =IF(F73="","Delivered","Cancelled") -> Cancelled | O73: =IF(E73="","Order Cancelled",_xlfn.DAYS(E73,D73)) -> Order Cancelled | P73: =IF(F73="","Completed","Cancelled") -> Cancelled | Q73: =IF(O73="Order Cancelled","Cancelled",IF(O73<=2,"Fast","Slow")) -> Cancelled | R73: =_xlfn.XLOOKUP(B73,CustomerMaster!$A$2:$A$287,CustomerMaster!$B$2:$B$287) -> Customer_257 | S73: =_xlfn.XLOOKUP(C73,ProductMaster!$A$2:$A$51,ProductMaster!$B$2:$B$51) -> Product_4 | T73: =_xlfn.XLOOKUP(G73,RegionMaster!$A$2:$A$5,RegionMaster!$B$2:$B$5) -> C
A74: ORD10072 | B74: CUST1223 | C74: PROD108 | D74: 45766 | F74: 45768 | G74: West | H74: Fashion | I74: Credit Card | J74: Delivered | K74: 226.51 | L74: =TEXT(D74,"MMMM") -> April | M74: =IF(NOT(ISBLANK(E74)),TEXT(E74,"MMMM"),"Cancelled") -> Cancelled | N74: =IF(F74="","Delivered","Cancelled") -> Cancelled | O74: =IF(E74="","Order Cancelled",_xlfn.DAYS(E74,D74)) -> Order Cancelled | P74: =IF(F74="","Completed","Cancelled") -> Cancelled | Q74: =IF(O74="Order Cancelled","Cancelled",IF(O74<=2,"Fast","Slow")) -> Cancelled | R74: =_xlfn.XLOOKUP(B74,CustomerMaster!$A$2:$A$287,CustomerMaster!$B$2:$B$287) -> Customer_258 | S74: =_xlfn.XLOOKUP(C74,ProductMaster!$A$2:$A$51,ProductMaster!$B$2:$B$51) -> Product_5 | T74: =_xlfn.XLOOKUP(G74,RegionMaster!$A$2:$A$5,RegionMaster!$B$2:$B$5) -> D
A75: ORD10073 | B75: CUST1099 | C75: PROD110 | D75: 45716 | E75: 45717 | G75: East | H75: Electronics | I75: Credit Card | J75: Returned | K75: 4114.21 | L75: =TEXT(D75,"MMMM") -> February | M75: =IF(NOT(ISBLANK(E75)),TEXT(E75,"MMMM"),"Cancelled") -> March | N75: =IF(F75="","Delivered","Cancelled") -> Delivered | O75: =IF(E75="","Order Cancelled",_xlfn.DAYS(E75,D75)) -> 1 | P75: =IF(F75="","Completed","Cancelled") -> Completed | Q75: =IF(O75="Order Cancelled","Cancelled",IF(O75<=2,"Fast","Slow")) -> Fast | R75: =_xlfn.XLOOKUP(B75,CustomerMaster!$A$2:$A$287,CustomerMaster!$B$2:$B$287) -> Customer_280 | S75: =_xlfn.XLOOKUP(C75,ProductMaster!$A$2:$A$51,ProductMaster!$B$2:$B$51) -> Product_19 | T75: =_xlfn.XLOOKUP(G75,RegionMaster!$A$2:$A$5,RegionMaster!$B$2:$B$5) -> C
A76: ORD10074 | B76: CUST1124 | C76: PROD121 | D76: 45663 | F76: 45663 | G76: North | H76: Electronics | I76: UPI | J76: Returned | K76: 3592.92 | L76: =TEXT(D76,"MMMM") -> January | M76: =IF(NOT(ISBLANK(E76)),TEXT(E76,"MMMM"),"Cancelled") -> Cancelled | N76: =IF(F76="","Delivered","Cancelled") -> Cancelled | O76: =IF(E76="","Order Cancelled",_xlfn.DAYS(E76,D76)) -> Order Cancelled | P76: =IF(F76="","Completed","Cancelled") -> Cancelled | Q76: =IF(O76="Order Cancelled","Cancelled",IF(O76<=2,"Fast","Slow")) -> Cancelled | R76: =_xlfn.XLOOKUP(B76,CustomerMaster!$A$2:$A$287,CustomerMaster!$B$2:$B$287) -> Customer_49 | S76: =_xlfn.XLOOKUP(C76,ProductMaster!$A$2:$A$51,ProductMaster!$B$2:$B$51) -> Product_14 | T76: =_xlfn.XLOOKUP(G76,RegionMaster!$A$2:$A$5,RegionMaster!$B$2:$B$5) -> A
A77: ORD10075 | B77: CUST1008 | C77: PROD145 | D77: 45709 | E77: 45710 | G77: East | H77: Electronics | I77: COD | J77: Delivered | K77: 3699.23 | L77: =TEXT(D77,"MMMM") -> February | M77: =IF(NOT(ISBLANK(E77)),TEXT(E77,"MMMM"),"Cancelled") -> February | N77: =IF(F77="","Delivered","Cancelled") -> Delivered | O77: =IF(E77="","Order Cancelled",_xlfn.DAYS(E77,D77)) -> 1 | P77: =IF(F77="","Completed","Cancelled") -> Completed | Q77: =IF(O77="Order Cancelled","Cancelled",IF(O77<=2,"Fast","Slow")) -> Fast | R77: =_xlfn.XLOOKUP(B77,CustomerMaster!$A$2:$A$287,CustomerMaster!$B$2:$B$287) -> Customer_128 | S77: =_xlfn.XLOOKUP(C77,ProductMaster!$A$2:$A$51,ProductMaster!$B$2:$B$51) -> Product_36 | T77: =_xlfn.XLOOKUP(G77,RegionMaster!$A$2:$A$5,RegionMaster!$B$2:$B$5) -> C
A78: ORD10076 | B78: CUST1116 | C78: PROD135 | D78: 45743 | E78: 45747 | G78: South | H78: Beauty | I78: COD | J78: Cancelled | K78: 3902.1 | L78: =TEXT(D78,"MMMM") -> March | M78: =IF(NOT(ISBLANK(E78)),TEXT(E78,"MMMM"),"Cancelled") -> March | N78: =IF(F78="","Delivered","Cancelled") -> Delivered | O78: =IF(E78="","Order Cancelled",_xlfn.DAYS(E78,D78)) -> 4 | P78: =IF(F78="","Completed","Cancelled") -> Completed | Q78: =IF(O78="Order Cancelled","Cancelled",IF(O78<=2,"Fast","Slow")) -> Slow | R78: =_xlfn.XLOOKUP(B78,CustomerMaster!$A$2:$A$287,CustomerMaster!$B$2:$B$287) -> Customer_223 | S78: =_xlfn.XLOOKUP(C78,ProductMaster!$A$2:$A$51,ProductMaster!$B$2:$B$51) -> Product_35 | T78: =_xlfn.XLOOKUP(G78,RegionMaster!$A$2:$A$5,RegionMaster!$B$2:$B$5) -> B
A79: ORD10077 | B79: CUST1265 | C79: PROD143 | D79: 45755 | F79: 45756 | G79: South | H79: Electronics | I79: Debit Card | J79: Cancelled | K79: 555.41 | L79: =TEXT(D79,"MMMM") -> April | M79: =IF(NOT(ISBLANK(E79)),TEXT(E79,"MMMM"),"Cancelled") -> Cancelled | N79: =IF(F79="","Delivered","Cancelled") -> Cancelled | O79: =IF(E79="","Order Cancelled",_xlfn.DAYS(E79,D79)) -> Order Cancelled | P79: =IF(F79="","Completed","Cancelled") -> Cancelled | Q79: =IF(O79="Order Cancelled","Cancelled",IF(O79<=2,"Fast","Slow")) -> Cancelled | R79: =_xlfn.XLOOKUP(B79,CustomerMaster!$A$2:$A$287,CustomerMaster!$B$2:$B$287) -> Customer_54 | S79: =_xlfn.XLOOKUP(C79,ProductMaster!$A$2:$A$51,ProductMaster!$B$2:$B$51) -> Product_31 | T79: =_xlfn.XLOOKUP(G79,RegionMaster!$A$2:$A$5,RegionMaster!$B$2:$B$5) -> B
A80: ORD10078 | B80: CUST1256 | C80: PROD108 | D80: 45670 | E80: 45674 | G80: West | H80: Fashion | I80: Credit Card | J80: Cancelled | K80: 1920.64 | L80: =TEXT(D80,"MMMM") -> January | M80: =IF(NOT(ISBLANK(E80)),TEXT(E80,"MMMM"),"Cancelled") -> January | N80: =IF(F80="","Delivered","Cancelled") -> Delivered | O80: =IF(E80="","Order Cancelled",_xlfn.DAYS(E80,D80)) -> 4 | P80: =IF(F80="","Completed","Cancelled") -> Completed | Q80: =IF(O80="Order Cancelled","Cancelled",IF(O80<=2,"Fast","Slow")) -> Slow | R80: =_xlfn.XLOOKUP(B80,CustomerMaster!$A$2:$A$287,CustomerMaster!$B$2:$B$287) -> Customer_245 | S80: =_xlfn.XLOOKUP(C80,ProductMaster!$A$2:$A$51,ProductMaster!$B$2:$B$51) -> Product_5 | T80: =_xlfn.XLOOKUP(G80,RegionMaster!$A$2:$A$5,RegionMaster!$B$2:$B$5) -> D
A81: ORD10079 | B81: CUST1240 | C81: PROD144 | D81: 45688 | E81: 45692 | G81: West | H81: Beauty | I81: UPI | J81: Delivered | K81: 756.17 | L81: =TEXT(D81,"MMMM") -> January | M81: =IF(NOT(ISBLANK(E81)),TEXT(E81,"MMMM"),"Cancelled") -> February | N81: =IF(F81="","Delivered","Cancelled") -> Delivered | O81: =IF(E81="","Order Cancelled",_xlfn.DAYS(E81,D81)) -> 4 | P81: =IF(F81="","Completed","Cancelled") -> Completed | Q81: =IF(O81="Order Cancelled","Cancelled",IF(O81<=2,"Fast","Slow")) -> Slow | R81: =_xlfn.XLOOKUP(B81,CustomerMaster!$A$2:$A$287,CustomerMaster!$B$2:$B$287) -> Customer_78 | S81: =_xlfn.XLOOKUP(C81,ProductMaster!$A$2:$A$51,ProductMaster!$B$2:$B$51) -> Product_37 | T81: =_xlfn.XLOOKUP(G81,RegionMaster!$A$2:$A$5,RegionMaster!$B$2:$B$5) -> D
A82: ORD10080 | B82: CUST1153 | C82: PROD147 | D82: 45665 | E82: 45667 | G82: East | H82: Fashion | I82: UPI | J82: Returned | K82: 4342.9 | L82: =TEXT(D82,"MMMM") -> January | M82: =IF(NOT(ISBLANK(E82)),TEXT(E82,"MMMM"),"Cancelled") -> January | N82: =IF(F82="","Delivered","Cancelled") -> Delivered | O82: =IF(E82="","Order Cancelled",_xlfn.DAYS(E82,D82)) -> 2 | P82: =IF(F82="","Completed","Cancelled") -> Completed | Q82: =IF(O82="Order Cancelled","Cancelled",IF(O82<=2,"Fast","Slow")) -> Fast | R82: =_xlfn.XLOOKUP(B82,CustomerMaster!$A$2:$A$287,CustomerMaster!$B$2:$B$287) -> Customer_242 | S82: =_xlfn.XLOOKUP(C82,ProductMaster!$A$2:$A$51,ProductMaster!$B$2:$B$51) -> Product_27 | T82: =_xlfn.XLOOKUP(G82,RegionMaster!$A$2:$A$5,RegionMaster!$B$2:$B$5) -> C
A83: ORD10081 | B83: CUST1120 | C83: PROD101 | D83: 45731 | E83: 45734 | G83: West | H83: Fashion | I83: COD | J83: Delivered | K83: 3191.83 | L83: =TEXT(D83,"MMMM") -> March | M83: =IF(NOT(ISBLANK(E83)),TEXT(E83,"MMMM"),"Cancelled") -> March | N83: =IF(F83="","Delivered","Cancelled") -> Delivered | O83: =IF(E83="","Order Cancelled",_xlfn.DAYS(E83,D83)) -> 3 | P83: =IF(F83="","Completed","Cancelled") -> Completed | Q83: =IF(O83="Order Cancelled","Cancelled",IF(O83<=2,"Fast","Slow")) -> Slow | R83: =_xlfn.XLOOKUP(B83,CustomerMaster!$A$2:$A$287,CustomerMaster!$B$2:$B$287) -> Customer_226 | S83: =_xlfn.XLOOKUP(C83,ProductMaster!$A$2:$A$51,ProductMaster!$B$2:$B$51) -> Product_26 | T83: =_xlfn.XLOOKUP(G83,RegionMaster!$A$2:$A$5,RegionMaster!$B$2:$B$5) -> D
A84: ORD10082 | B84: CUST1231 | C84: PROD135 | D84: 45776 | E84: 45778 | G84: East | H84: Fashion | I84: Credit Card | J84: Cancelled | K84: 1788.31 | L84: =TEXT(D84,"MMMM") -> April | M84: =IF(NOT(ISBLANK(E84)),TEXT(E84,"MMMM"),"Cancelled") -> May | N84: =IF(F84="","Delivered","Cancelled") -> Delivered | O84: =IF(E84="","Order Cancelled",_xlfn.DAYS(E84,D84)) -> 2 | P84: =IF(F84="","Completed","Cancelled") -> Completed | Q84: =IF(O84="Order Cancelled","Cancelled",IF(O84<=2,"Fast","Slow")) -> Fast | R84: =_xlfn.XLOOKUP(B84,CustomerMaster!$A$2:$A$287,CustomerMaster!$B$2:$B$287) -> Customer_118 | S84: =_xlfn.XLOOKUP(C84,ProductMaster!$A$2:$A$51,ProductMaster!$B$2:$B$51) -> Product_35 | T84: =_xlfn.XLOOKUP(G84,RegionMaster!$A$2:$A$5,RegionMaster!$B$2:$B$5) -> C
A85: ORD10083 | B85: CUST1114 | C85: PROD104 | D85: 45735 | F85: 45735 | G85: North | H85: Beauty | I85: Credit Card | J85: Delivered | K85: 505.08 | L85: =TEXT(D85,"MMMM") -> March | M85: =IF(NOT(ISBLANK(E85)),TEXT(E85,"MMMM"),"Cancelled") -> Cancelled | N85: =IF(F85="","Delivered","Cancelled") -> Cancelled | O85: =IF(E85="","Order Cancelled",_xlfn.DAYS(E85,D85)) -> Order Cancelled | P85: =IF(F85="","Completed","Cancelled") -> Cancelled | Q85: =IF(O85="Order Cancelled","Cancelled",IF(O85<=2,"Fast","Slow")) -> Cancelled | R85: =_xlfn.XLOOKUP(B85,CustomerMaster!$A$2:$A$287,CustomerMaster!$B$2:$B$287) -> Customer_21 | S85: =_xlfn.XLOOKUP(C85,ProductMaster!$A$2:$A$51,ProductMaster!$B$2:$B$51) -> Product_3 | T85: =_xlfn.XLOOKUP(G85,RegionMaster!$A$2:$A$5,RegionMaster!$B$2:$B$5) -> A
A86: ORD10084 | B86: CUST1072 | C86: PROD113 | D86: 45750 | E86: 45753 | G86: West | H86: Fashion | I86: Debit Card | J86: Delivered | K86: 1692.72 | L86: =TEXT(D86,"MMMM") -> April | M86: =IF(NOT(ISBLANK(E86)),TEXT(E86,"MMMM"),"Cancelled") -> April | N86: =IF(F86="","Delivered","Cancelled") -> Delivered | O86: =IF(E86="","Order Cancelled",_xlfn.DAYS(E86,D86)) -> 3 | P86: =IF(F86="","Completed","Cancelled") -> Completed | Q86: =IF(O86="Order Cancelled","Cancelled",IF(O86<=2,"Fast","Slow")) -> Slow | R86: =_xlfn.XLOOKUP(B86,CustomerMaster!$A$2:$A$287,CustomerMaster!$B$2:$B$287) -> Customer_192 | S86: =_xlfn.XLOOKUP(C86,ProductMaster!$A$2:$A$51,ProductMaster!$B$2:$B$51) -> Product_9 | T86: =_xlfn.XLOOKUP(G86,RegionMaster!$A$2:$A$5,RegionMaster!$B$2:$B$5) -> D
A87: ORD10085 | B87: CUST1037 | C87: PROD137 | D87: 45723 | E87: 45727 | G87: South | H87: Electronics | I87: Net Banking | J87: Cancelled | K87: 1760.88 | L87: =TEXT(D87,"MMMM") -> March | M87: =IF(NOT(ISBLANK(E87)),TEXT(E87,"MMMM"),"Cancelled") -> March | N87: =IF(F87="","Delivered","Cancelled") -> Delivered | O87: =IF(E87="","Order Cancelled",_xlfn.DAYS(E87,D87)) -> 4 | P87: =IF(F87="","Completed","Cancelled") -> Completed | Q87: =IF(O87="Order Cancelled","Cancelled",IF(O87<=2,"Fast","Slow")) -> Slow | R87: =_xlfn.XLOOKUP(B87,CustomerMaster!$A$2:$A$287,CustomerMaster!$B$2:$B$287) -> Customer_222 | S87: =_xlfn.XLOOKUP(C87,ProductMaster!$A$2:$A$51,ProductMaster!$B$2:$B$51) -> Product_23 | T87: =_xlfn.XLOOKUP(G87,RegionMaster!$A$2:$A$5,RegionMaster!$B$2:$B$5) -> B
A88: ORD10086 | B88: CUST1140 | C88: PROD118 | D88: 45679 | F88: 45680 | G88: East | H88: Home | I88: COD | J88: Returned | K88: 3702.11 | L88: =TEXT(D88,"MMMM") -> January | M88: =IF(NOT(ISBLANK(E88)),TEXT(E88,"MMMM"),"Cancelled") -> Cancelled | N88: =IF(F88="","Delivered","Cancelled") -> Cancelled | O88: =IF(E88="","Order Cancelled",_xlfn.DAYS(E88,D88)) -> Order Cancelled | P88: =IF(F88="","Completed","Cancelled") -> Cancelled | Q88: =IF(O88="Order Cancelled","Cancelled",IF(O88<=2,"Fast","Slow")) -> Cancelled | R88: =_xlfn.XLOOKUP(B88,CustomerMaster!$A$2:$A$287,CustomerMaster!$B$2:$B$287) -> Customer_124 | S88: =_xlfn.XLOOKUP(C88,ProductMaster!$A$2:$A$51,ProductMaster!$B$2:$B$51) -> Product_21 | T88: =_xlfn.XLOOKUP(G88,RegionMaster!$A$2:$A$5,RegionMaster!$B$2:$B$5) -> C
A89: ORD10087 | B89: CUST1150 | C89: PROD149 | D89: 45732 | F89: 45733 | G89: South | H89: Beauty | I89: UPI | J89: Returned | K89: 3260.28 | L89: =TEXT(D89,"MMMM") -> March | M89: =IF(NOT(ISBLANK(E89)),TEXT(E89,"MMMM"),"Cancelled") -> Cancelled | N89: =IF(F89="","Delivered","Cancelled") -> Cancelled | O89: =IF(E89="","Order Cancelled",_xlfn.DAYS(E89,D89)) -> Order Cancelled | P89: =IF(F89="","Completed","Cancelled") -> Cancelled | Q89: =IF(O89="Order Cancelled","Cancelled",IF(O89<=2,"Fast","Slow")) -> Cancelled | R89: =_xlfn.XLOOKUP(B89,CustomerMaster!$A$2:$A$287,CustomerMaster!$B$2:$B$287) -> Customer_198 | S89: =_xlfn.XLOOKUP(C89,ProductMaster!$A$2:$A$51,ProductMaster!$B$2:$B$51) -> Product_2 | T89: =_xlfn.XLOOKUP(G89,RegionMaster!$A$2:$A$5,RegionMaster!$B$2:$B$5) -> B
A90: ORD10088 | B90: CUST1225 | C90: PROD133 | D90: 45674 | E90: 45678 | G90: North | H90: Fashion | I90: COD | J90: Delivered | K90: 4458.62 | L90: =TEXT(D90,"MMMM") -> January | M90: =IF(NOT(ISBLANK(E90)),TEXT(E90,"MMMM"),"Cancelled") -> January | N90: =IF(F90="","Delivered","Cancelled") -> Delivered | O90: =IF(E90="","Order Cancelled",_xlfn.DAYS(E90,D90)) -> 4 | P90: =IF(F90="","Completed","Cancelled") -> Completed | Q90: =IF(O90="Order Cancelled","Cancelled",IF(O90<=2,"Fast","Slow")) -> Slow | R90: =_xlfn.XLOOKUP(B90,CustomerMaster!$A$2:$A$287,CustomerMaster!$B$2:$B$287) -> Customer_152 | S90: =_xlfn.XLOOKUP(C90,ProductMaster!$A$2:$A$51,ProductMaster!$B$2:$B$51) -> Product_47 | T90: =_xlfn.XLOOKUP(G90,RegionMaster!$A$2:$A$5,RegionMaster!$B$2:$B$5) -> A
A91: ORD10089 | B91: CUST1031 | C91: PROD140 | D91: 45761 | F91: 45763 | G91: North | H91: Grocery | I91: COD | J91: Cancelled | K91: 2466.63 | L91: =TEXT(D91,"MMMM") -> April | M91: =IF(NOT(ISBLANK(E91)),TEXT(E91,"MMMM"),"Cancelled") -> Cancelled | N91: =IF(F91="","Delivered","Cancelled") -> Cancelled | O91: =IF(E91="","Order Cancelled",_xlfn.DAYS(E91,D91)) -> Order Cancelled | P91: =IF(F91="","Completed","Cancelled") -> Cancelled | Q91: =IF(O91="Order Cancelled","Cancelled",IF(O91<=2,"Fast","Slow")) -> Cancelled | R91: =_xlfn.XLOOKUP(B91,CustomerMaster!$A$2:$A$287,CustomerMaster!$B$2:$B$287) -> Customer_101 | S91: =_xlfn.XLOOKUP(C91,ProductMaster!$A$2:$A$51,ProductMaster!$B$2:$B$51) -> Product_30 | T91: =_xlfn.XLOOKUP(G91,RegionMaster!$A$2:$A$5,RegionMaster!$B$2:$B$5) -> A
A92: ORD10090 | B92: CUST1264 | C92: PROD130 | D92: 45707 | E92: 45712 | G92: East | H92: Grocery | I92: Debit Card | J92: Delivered | K92: 774.05 | L92: =TEXT(D92,"MMMM") -> February | M92: =IF(NOT(ISBLANK(E92)),TEXT(E92,"MMMM"),"Cancelled") -> February | N92: =IF(F92="","Delivered","Cancelled") -> Delivered | O92: =IF(E92="","Order Cancelled",_xlfn.DAYS(E92,D92)) -> 5 | P92: =IF(F92="","Completed","Cancelled") -> Completed | Q92: =IF(O92="Order Cancelled","Cancelled",IF(O92<=2,"Fast","Slow")) -> Slow | R92: =_xlfn.XLOOKUP(B92,CustomerMaster!$A$2:$A$287,CustomerMaster!$B$2:$B$287) -> Customer_173 | S92: =_xlfn.XLOOKUP(C92,ProductMaster!$A$2:$A$51,ProductMaster!$B$2:$B$51) -> Product_24 | T92: =_xlfn.XLOOKUP(G92,RegionMaster!$A$2:$A$5,RegionMaster!$B$2:$B$5) -> C
A93: ORD10091 | B93: CUST1083 | C93: PROD106 | D93: 45658 | F93: 45658 | G93: East | H93: Electronics | I93: UPI | J93: Cancelled | K93: 3623.57 | L93: =TEXT(D93,"MMMM") -> January | M93: =IF(NOT(ISBLANK(E93)),TEXT(E93,"MMMM"),"Cancelled") -> Cancelled | N93: =IF(F93="","Delivered","Cancelled") -> Cancelled | O93: =IF(E93="","Order Cancelled",_xlfn.DAYS(E93,D93)) -> Order Cancelled | P93: =IF(F93="","Completed","Cancelled") -> Cancelled | Q93: =IF(O93="Order Cancelled","Cancelled",IF(O93<=2,"Fast","Slow")) -> Cancelled | R93: =_xlfn.XLOOKUP(B93,CustomerMaster!$A$2:$A$287,CustomerMaster!$B$2:$B$287) -> Customer_189 | S93: =_xlfn.XLOOKUP(C93,ProductMaster!$A$2:$A$51,ProductMaster!$B$2:$B$51) -> Product_34 | T93: =_xlfn.XLOOKUP(G93,RegionMaster!$A$2:$A$5,RegionMaster!$B$2:$B$5) -> C
A94: ORD10092 | B94: CUST1163 | C94: PROD149 | D94: 45739 | E94: 45744 | G94: North | H94: Grocery | I94: Net Banking | J94: Returned | K94: 3851.77 | L94: =TEXT(D94,"MMMM") -> March | M94: =IF(NOT(ISBLANK(E94)),TEXT(E94,"MMMM"),"Cancelled") -> March | N94: =IF(F94="","Delivered","Cancelled") -> Delivered | O94: =IF(E94="","Order Cancelled",_xlfn.DAYS(E94,D94)) -> 5 | P94: =IF(F94="","Completed","Cancelled") -> Completed | Q94: =IF(O94="Order Cancelled","Cancelled",IF(O94<=2,"Fast","Slow")) -> Slow | R94: =_xlfn.XLOOKUP(B94,CustomerMaster!$A$2:$A$287,CustomerMaster!$B$2:$B$287) -> Customer_129 | S94: =_xlfn.XLOOKUP(C94,ProductMaster!$A$2:$A$51,ProductMaster!$B$2:$B$51) -> Product_2 | T94: =_xlfn.XLOOKUP(G94,RegionMaster!$A$2:$A$5,RegionMaster!$B$2:$B$5) -> A
A95: ORD10093 | B95: CUST1105 | C95: PROD115 | D95: 45663 | F95: 45665 | G95: North | H95: Grocery | I95: UPI | J95: Cancelled | K95: 2894.13 | L95: =TEXT(D95,"MMMM") -> January | M95: =IF(NOT(ISBLANK(E95)),TEXT(E95,"MMMM"),"Cancelled") -> Cancelled | N95: =IF(F95="","Delivered","Cancelled") -> Cancelled | O95: =IF(E95="","Order Cancelled",_xlfn.DAYS(E95,D95)) -> Order Cancelled | P95: =IF(F95="","Completed","Cancelled") -> Cancelled | Q95: =IF(O95="Order Cancelled","Cancelled",IF(O95<=2,"Fast","Slow")) -> Cancelled | R95: =_xlfn.XLOOKUP(B95,CustomerMaster!$A$2:$A$287,CustomerMaster!$B$2:$B$287) -> Customer_11 | S95: =_xlfn.XLOOKUP(C95,ProductMaster!$A$2:$A$51,ProductMaster!$B$2:$B$51) -> Product_40 | T95: =_xlfn.XLOOKUP(G95,RegionMaster!$A$2:$A$5,RegionMaster!$B$2:$B$5) -> A
A96: ORD10094 | B96: CUST1126 | C96: PROD136 | D96: 45770 | F96: 45770 | G96: South | H96: Home | I96: UPI | J96: Delivered | K96: 3900.64 | L96: =TEXT(D96,"MMMM") -> April | M96: =IF(NOT(ISBLANK(E96)),TEXT(E96,"MMMM"),"Cancelled") -> Cancelled | N96: =IF(F96="","Delivered","Cancelled") -> Cancelled | O96: =IF(E96="","Order Cancelled",_xlfn.DAYS(E96,D96)) -> Order Cancelled | P96: =IF(F96="","Completed","Cancelled") -> Cancelled | Q96: =IF(O96="Order Cancelled","Cancelled",IF(O96<=2,"Fast","Slow")) -> Cancelled | R96: =_xlfn.XLOOKUP(B96,CustomerMaster!$A$2:$A$287,CustomerMaster!$B$2:$B$287) -> Customer_215 | S96: =_xlfn.XLOOKUP(C96,ProductMaster!$A$2:$A$51,ProductMaster!$B$2:$B$51) -> Product_16 | T96: =_xlfn.XLOOKUP(G96,RegionMaster!$A$2:$A$5,RegionMaster!$B$2:$B$5) -> B
A97: ORD10095 | B97: CUST1233 | C97: PROD116 | D97: 45680 | E97: 45684 | G97: North | H97: Electronics | I97: Credit Card | J97: Cancelled | K97: 2570.22 | L97: =TEXT(D97,"MMMM") -> January | M97: =IF(NOT(ISBLANK(E97)),TEXT(E97,"MMMM"),"Cancelled") -> January | N97: =IF(F97="","Delivered","Cancelled") -> Delivered | O97: =IF(E97="","Order Cancelled",_xlfn.DAYS(E97,D97)) -> 4 | P97: =IF(F97="","Completed","Cancelled") -> Completed | Q97: =IF(O97="Order Cancelled","Cancelled",IF(O97<=2,"Fast","Slow")) -> Slow | R97: =_xlfn.XLOOKUP(B97,CustomerMaster!$A$2:$A$287,CustomerMaster!$B$2:$B$287) -> Customer_148 | S97: =_xlfn.XLOOKUP(C97,ProductMaster!$A$2:$A$51,ProductMaster!$B$2:$B$51) -> Product_41 | T97: =_xlfn.XLOOKUP(G97,RegionMaster!$A$2:$A$5,RegionMaster!$B$2:$B$5) -> A
A98: ORD10096 | B98: CUST1137 | C98: PROD101 | D98: 45667 | E98: 45670 | G98: West | H98: Electronics | I98: Debit Card | J98: Cancelled | K98: 2709.12 | L98: =TEXT(D98,"MMMM") -> January | M98: =IF(NOT(ISBLANK(E98)),TEXT(E98,"MMMM"),"Cancelled") -> January | N98: =IF(F98="","Delivered","Cancelled") -> Delivered | O98: =IF(E98="","Order Cancelled",_xlfn.DAYS(E98,D98)) -> 3 | P98: =IF(F98="","Completed","Cancelled") -> Completed | Q98: =IF(O98="Order Cancelled","Cancelled",IF(O98<=2,"Fast","Slow")) -> Slow | R98: =_xlfn.XLOOKUP(B98,CustomerMaster!$A$2:$A$287,CustomerMaster!$B$2:$B$287) -> Customer_263 | S98: =_xlfn.XLOOKUP(C98,ProductMaster!$A$2:$A$51,ProductMaster!$B$2:$B$51) -> Product_26 | T98: =_xlfn.XLOOKUP(G98,RegionMaster!$A$2:$A$5,RegionMaster!$B$2:$B$5) -> D
A99: ORD10097 | B99: CUST1219 | C99: PROD117 | D99: 45758 | F99: 45758 | G99: South | H99: Fashion | I99: UPI | J99: Returned | K99: 2252.2 | L99: =TEXT(D99,"MMMM") -> April | M99: =IF(NOT(ISBLANK(E99)),TEXT(E99,"MMMM"),"Cancelled") -> Cancelled | N99: =IF(F99="","Delivered","Cancelled") -> Cancelled | O99: =IF(E99="","Order Cancelled",_xlfn.DAYS(E99,D99)) -> Order Cancelled | P99: =IF(F99="","Completed","Cancelled") -> Cancelled | Q99: =IF(O99="Order Cancelled","Cancelled",IF(O99<=2,"Fast","Slow")) -> Cancelled | R99: =_xlfn.XLOOKUP(B99,CustomerMaster!$A$2:$A$287,CustomerMaster!$B$2:$B$287) -> Customer_229 | S99: =_xlfn.XLOOKUP(C99,ProductMaster!$A$2:$A$51,ProductMaster!$B$2:$B$51) -> Product_18 | T99: =_xlfn.XLOOKUP(G99,RegionMaster!$A$2:$A$5,RegionMaster!$B$2:$B$5) -> B
A100: ORD10098 | B100: CUST1041 | C100: PROD105 | D100: 45678 | E100: 45680 | G100: West | H100: Fashion | I100: UPI | J100: Delivered | K100: 322.01 | L100: =TEXT(D100,"MMMM") -> January | M100: =IF(NOT(ISBLANK(E100)),TEXT(E100,"MMMM"),"Cancelled") -> January | N100: =IF(F100="","Delivered","Cancelled") -> Delivered | O100: =IF(E100="","Order Cancelled",_xlfn.DAYS(E100,D100)) -> 2 | P100: =IF(F100="","Completed","Cancelled") -> Completed | Q100: =IF(O100="Order Cancelled","Cancelled",IF(O100<=2,"Fast","Slow")) -> Fast | R100: =_xlfn.XLOOKUP(B100,CustomerMaster!$A$2:$A$287,CustomerMaster!$B$2:$B$287) -> Customer_249 | S100: =_xlfn.XLOOKUP(C100,ProductMaster!$A$2:$A$51,ProductMaster!$B$2:$B$51) -> Product_11 | T100: =_xlfn.XLOOKUP(G100,RegionMaster!$A$2:$A$5,RegionMaster!$B$2:$B$5) -> D
...

Sheet pivot
B1: ● Total Sales by Region & Category
B3: Order Flag | C3: Completed
P4: Order Flag | Q4: Completed
B5: Sum of SalesAmount | C5: Column Labels
B6: Row Labels | C6: Beauty | D6: Electronics | E6: Fashion | F6: Grocery | G6: Home | H6: Grand Total | M6: KPIs | P6: Sum of SalesAmount
B7: East | C7: 64394.79 | D7: 98799.05 | E7: 89735.06 | F7: 81471.28 | G7: 102436.89 | H7: 436837.07 | L7: Total Revenue | M7: =GETPIVOTDATA("SalesAmount",$P$6) -> 1747718.2 | P7: 1747718.2
B8: North | C8: 75766.3 | D8: 91599.63 | E8: 96200.3 | F8: 74627.56 | G8: 112197.3 | H8: 450391.09 | L8: Total order | M8: =GETPIVOTDATA("OrderID",$P$9) -> 1000
B9: South | C9: 62105.82 | D9: 101312.44 | E9: 97828.87 | F9: 93661.09 | G9: 112017.04 | H9: 466925.26 | L9: Total customer | M9: =GETPIVOTDATA("CustomerID",$P$12) -> 1000 | P9: Count of OrderID
B10: West | C10: 72325.82 | D10: 81786.52 | E10: 84219.78 | F10: 81966.89 | G10: 73265.82 | H10: 393564.83 | L10: Cancellation rate | M10: =GETPIVOTDATA("Delivery Category",$P$18,"Delivery Category","Cancelled") -> 0.32 | P10: 1000
B11: Grand Total | C11: 274592.73 | D11: 373497.64 | E11: 367984.01 | F11: 331726.82 | G11: 399917.05 | H11: 1747718.2 | L11: Fast delivert % | M11: =GETPIVOTDATA("Order performance",$P$25,"Order performance","Fast") -> 0.28970588
P12: Count of CustomerID
H13: ● Sales by Payment Method | P13: 1000
H15: Order Flag | I15: Completed
B16: ● Count of Orders by Delivery Status
H17: Row Labels | I17: Sum of SalesAmount
B18: Row Labels | C18: Count of OrderID | H18: Net Banking | I18: 379377.58 | P18: Row Labels | Q18: Count of Delivery Category
B19: Delivered | C19: 680 | H19: COD | I19: 365034.34 | P19: Cancelled | Q19: 0.32
B20: Cancelled | C20: 320 | H20: Debit Card | I20: 342915.39 | P20: Delivered | Q20: 0.68
B21: Grand Total | C21: 1000 | H21: Credit Card | I21: 332299.06 | P21: Grand Total | Q21: 1
H22: UPI | I22: 328091.88
H23: Grand Total | I23: 1747718.2 | P23: Order Flag | Q23: Completed
P25: Row Labels | Q25: Count of Order performance
H26: Order Flag | I26: Cancelled | P26: Fast | Q26: 0.28970588
P27: Slow | Q27: 0.71029412
B28: ● Avg Delivery Time by Region | H28: Row Labels | I28: Count of Order Flag | P28: Grand Total | Q28: 1
H29: UPI | I29: 0.234375
B30: Row Labels | C30: Average of Delivery Days | H30: Debit Card | I30: 0.209375
B31: East | C31: 3.65 | H31: Credit Card | I31: 0.20625
B32: North | C32: 3.6298343 | H32: Net Banking | I32: 0.1875
B33: South | C33: 3.4468085 | H33: COD | I33: 0.1625
B34: West | C34: 3.3576159 | H34: Grand Total | I34: 1
B35: Grand Total | C35: 3.5235294
C37: Order Flag | D37: Completed
C39: Row Labels | D39: Sum of SalesAmount
C40: West | D40: 393564.83
C41: East | D41: 436837.07
C42: North | D42: 450391.09
C43: South | D43: 466925.26
C44: Grand Total | D44: 1747718.2
C49: Count of Order performance | D49: Column Labels
C50: Row Labels | D50: Fast | E50: Slow | F50: Grand Total
C51: January | D51: 0.077941176 | E51: 0.15 | F51: 0.22794118
C52: February | D52: 0.077941176 | E52: 0.15441176 | F52: 0.23235294
C53: March | D53: 0.061764706 | E53: 0.19558824 | F53: 0.25735294
C54: April | D54: 0.063235294 | E54: 0.17941176 | F54: 0.24264706
C55: May | D55: 0.0088235294 | E55: 0.030882353 | F55: 0.039705882
C56: Grand Total | D56: 0.28970588 | E56: 0.71029412 | F56: 1
I57: Row Labels | J57: Average of Delivery Days
I58: Beauty | J58: 3.4454545
I59: Electronics | J59: 3.5539568
C60: Order Flag | D60: Completed | I60: Fashion | J60: 3.6
I61: Grocery | J61: 3.3550725
C62: Row Labels | D62: Sum of SalesAmount | I62: Home | J62: 3.6351351
C63: Product_35 | D63: 65586.31 | I63: Grand Total | J63: 3.5235294
C64: Product_28 | D64: 58749.75
C65: Product_46 | D65: 54977.66
C66: Product_15 | D66: 53793.63
C67: Product_13 | D67: 51151.06
C68: Grand Total | D68: 284258.41
I69: Row Labels | J69: Count of OrderID
I70: January | J70: 254
I71: February | J71: 217
I72: March | J72: 261
I73: April | J73: 257
I74: May | J74: 11
I75: Grand Total | J75: 1000

Sheet Dashboard
